Investor Name,Ticker,Buy_Date
Michael McCaul,CMCSA,2026-01-13
Michael McCaul,VTI,2024-03-25
Michael McCaul,VTI,2024-03-25
Michael McCaul,VTI,2024-03-28
Michael McCaul,VTI,2024-07-01
Michael McCaul,VTI,2024-07-01
Michael McCaul,VTI,2024-07-02
Michael McCaul,VTI,2024-12-24
Michael McCaul,VTI,2024-12-24
Michael McCaul,VTI,2024-12-26
Michael McCaul,VTI,2025-03-28
Michael McCaul,VTI,2025-03-28
Michael McCaul,VTI,2025-03-31
Michael McCaul,VTI,2025-03-31
Michael McCaul,VTI,2025-07-01
Michael McCaul,VTI,2025-07-02
Michael McCaul,VTI,2025-10-01
Michael McCaul,VTI,2026-03-16
Michael McCaul,VTI,2026-03-16
Michael McCaul,VTI,2026-03-16
Michael McCaul,VTI,2026-03-16
Michael McCaul,GOOGL,2026-03-16
Michael McCaul,MSFT,2026-01-30
Michael McCaul,NFLX,2026-01-30
Michael McCaul,NFLX,2026-03-16
Michael McCaul,SAP,2025-11-28
Michael McCaul,SAP,2026-01-13
Michael McCaul,SAP,2026-01-30
Michael McCaul,UNH,2025-05-20
Michael McCaul,UNH,2025-11-04
Michael McCaul,MSDA,2024-03-28
Michael McCaul,MSDA,2024-06-05
Michael McCaul,MSDA,2024-06-27
Michael McCaul,MSDA,2024-12-27
Michael McCaul,MSDA,2025-03-27
Michael McCaul,MSDA,2025-06-27
Michael McCaul,MSDA,2026-03-16
Michael McCaul,DFCEX,2024-06-28
Michael McCaul,DFCEX,2024-06-28
Michael McCaul,DFCEX,2024-12-11
Michael McCaul,DFCEX,2024-12-11
Michael McCaul,DFCEX,2025-03-31
Michael McCaul,DFCEX,2025-06-30
Michael McCaul,DFCEX,2025-06-30
Michael McCaul,DFCEX,2025-07-01
Michael McCaul,DFCEX,2025-10-01
Michael McCaul,DFCEX,2026-03-16
Michael McCaul,DFCEX,2026-03-16
Michael McCaul,DFCEX,2026-03-16
Michael McCaul,DFCEX,2026-03-16
Michael McCaul,HLMIX,2024-12-20
Michael McCaul,HLMIX,2024-12-20
Michael McCaul,HLMIX,2024-12-20
Michael McCaul,HLMIX,2024-12-20
Michael McCaul,NWHVX,2024-12-20
Michael McCaul,VWLUX,2025-07-01
Michael McCaul,VWLUX,2025-08-01
Michael McCaul,VWLUX,2025-10-01
Michael McCaul,VWLUX,2025-11-03
Michael McCaul,VWLUX,2026-01-02
Michael McCaul,VWLUX,2026-03-16
Michael McCaul,VVV,2025-11-19
Michael McCaul,LDNXF,2025-08-13
Michael McCaul,LDNXF,2025-08-20
Michael McCaul,LDNXF,2025-10-07
Michael McCaul,LDNXF,2025-10-14
Michael McCaul,LDNXF,2026-03-16
Michael McCaul,LDNXF,2026-03-16
Michael McCaul,AVGO,2025-08-07
Michael McCaul,AVGO,2025-08-08
Michael McCaul,AVGO,2025-08-15
Michael McCaul,AVGO,2025-08-29
Michael McCaul,AVGO,2025-10-31
Michael McCaul,AVGO,2026-03-16
Michael McCaul,AVGO,2026-03-16
Michael McCaul,OMF,2025-04-04
Michael McCaul,LEN,2025-06-26
Michael McCaul,LEN,2025-10-03
Michael McCaul,LEN,2025-10-10
Michael McCaul,LEN,2025-11-05
Michael McCaul,DXCM,2025-08-04
Michael McCaul,DXCM,2025-08-07
Michael McCaul,DXCM,2026-03-16
Michael McCaul,INTU,2026-01-30
Michael McCaul,NSIT,2026-01-28
Michael McCaul,NSIT,2026-03-16
Michael McCaul,GEV,2025-10-16
Michael McCaul,GEV,2025-10-23
Michael McCaul,DLTR,2026-03-16
Michael McCaul,MSA,2025-11-20
Michael McCaul,MSA,2026-03-16
Michael McCaul,ZION,2025-08-20
Michael McCaul,GPN,2025-10-24
Michael McCaul,LPX,2025-11-18
Michael McCaul,WDAY,2025-10-14
Michael McCaul,WDAY,2026-01-30
Michael McCaul,WDAY,2026-03-16
Michael McCaul,WDAY,2026-03-16
Michael McCaul,CNM,2026-03-16
Michael McCaul,CNM,2026-03-16
Michael McCaul,CNM,2026-03-16
Michael McCaul,HWM,2026-03-16
Michael McCaul,DHR,2025-06-30
Michael McCaul,DHR,2025-07-01
Michael McCaul,DHR,2025-07-08
Michael McCaul,DHR,2025-07-23
Michael McCaul,DHR,2025-07-25
Michael McCaul,DHR,2025-07-29
Michael McCaul,DHR,2025-08-15
Michael McCaul,DHR,2026-03-16
Michael McCaul,GPC,2025-11-13
Michael McCaul,GPC,2026-01-08
Michael McCaul,ALLY,2026-03-16
Michael McCaul,VXUS,2025-07-02
Michael McCaul,ARTFX,2025-07-07
Michael McCaul,ARTFX,2026-03-16
Michael McCaul,VTEB,2025-11-06
Michael McCaul,VTEB,2026-03-16
Michael McCaul,VTEB,2026-03-16
Michael McCaul,VTEB,2026-03-16
Michael McCaul,RDDT,2025-08-06
Michael McCaul,RDDT,2025-08-07
Michael McCaul,RDDT,2025-08-08
Michael McCaul,RDDT,2025-08-22
Michael McCaul,RDDT,2025-08-29
Michael McCaul,PLXS,2026-03-16
Michael McCaul,ATR,2025-11-19
Michael McCaul,ATR,2026-03-16
Michael McCaul,ATR,2026-03-16
Michael McCaul,ORCL,2026-03-16
Michael McCaul,PRI,2026-03-16
Michael McCaul,WTM,2026-03-16
Michael McCaul,CSL,2026-03-16
Michael McCaul,AMAT,2025-08-27
Michael McCaul,HURN,2025-10-10
Michael McCaul,ARE,2025-10-22
Michael McCaul,ARE,2026-03-16
Michael McCaul,IFF,2025-10-22
Michael McCaul,IFF,2025-11-14
Michael McCaul,IFF,2026-01-13
Michael McCaul,IFF,2026-01-15
Michael McCaul,NOW,2025-10-31
Michael McCaul,NOW,2026-03-16
Michael McCaul,MELI,2026-01-13
Michael McCaul,MELI,2026-01-26
Michael McCaul,MELI,2026-01-30
Michael McCaul,BAX,2026-01-13
Michael McCaul,FCN,2026-01-21
Michael McCaul,PSTG,2026-01-29
Michael McCaul,DFAI,2026-03-16
Michael McCaul,FFRHX,2026-03-16
Ro Khanna,GPK,2025-06-18
Ro Khanna,GPK,2025-06-23
Ro Khanna,GPK,2025-07-01
Ro Khanna,GPK,2025-07-29
Ro Khanna,GPK,2025-08-12
Ro Khanna,GPK,2025-08-13
Ro Khanna,GPK,2025-10-01
Ro Khanna,GPK,2025-10-06
Ro Khanna,GPK,2025-10-31
Ro Khanna,GPK,2025-11-04
Ro Khanna,GPK,2025-11-06
Ro Khanna,GPK,2025-11-21
Ro Khanna,PINS,2025-08-08
Ro Khanna,PINS,2025-08-12
Ro Khanna,PINS,2025-08-21
Ro Khanna,PINS,2025-11-05
Ro Khanna,PINS,2025-11-18
Ro Khanna,NCR,2025-11-07
Ro Khanna,NCR,2025-11-25
Ro Khanna,MKSI,2025-04-10
Ro Khanna,MKSI,2025-04-20
Ro Khanna,COF,2025-04-09
Ro Khanna,COF,2025-07-02
Ro Khanna,COF,2025-10-01
Ro Khanna,COF,2025-11-03
Ro Khanna,ZBH,2025-07-09
Ro Khanna,ZBH,2025-08-04
Ro Khanna,ZBH,2025-11-03
Ro Khanna,ZBH,2025-11-06
Ro Khanna,MS,2025-06-06
Ro Khanna,MS,2025-07-01
Ro Khanna,MS,2025-08-04
Ro Khanna,MS,2025-10-07
Ro Khanna,TXN,2025-10-23
Ro Khanna,CRM,2025-04-23
Ro Khanna,CRM,2025-05-21
Ro Khanna,CRM,2025-10-07
Ro Khanna,CRM,2025-11-03
Ro Khanna,CRM,2025-11-10
Ro Khanna,DIS,2025-06-23
Ro Khanna,DIS,2025-07-01
Ro Khanna,DIS,2025-10-07
Ro Khanna,DIS,2025-11-03
Ro Khanna,DIS,2025-11-13
Ro Khanna,BDX,2025-08-04
Ro Khanna,BAC,2025-07-21
Ro Khanna,BAC,2025-10-07
Ro Khanna,BAC,2025-10-27
Ro Khanna,TGT,2025-11-03
Ro Khanna,CSCO,2025-04-23
Ro Khanna,PEP,2025-06-20
Ro Khanna,PEP,2025-06-23
Ro Khanna,PEP,2025-07-01
Ro Khanna,PEP,2025-08-04
Ro Khanna,CVX,2025-06-20
Ro Khanna,AVGO,2025-05-28
Ro Khanna,AVGO,2025-06-06
Ro Khanna,AVGO,2025-06-20
Ro Khanna,AVGO,2025-08-04
Ro Khanna,XOM,2025-04-04
Ro Khanna,XOM,2025-05-09
Ro Khanna,BKNG,2025-11-03
Ro Khanna,PG,2025-11-03
Ro Khanna,QCOM,2025-08-04
Ro Khanna,BRK/B,2025-10-30
Ro Khanna,TMO,2025-06-20
Ro Khanna,TMO,2025-06-23
Ro Khanna,TMO,2025-07-01
Ro Khanna,TMO,2025-07-30
Ro Khanna,TMO,2025-08-04
Ro Khanna,TMO,2025-08-06
Ro Khanna,TMO,2025-11-07
Ro Khanna,BLK,2025-04-09
Ro Khanna,BLK,2025-04-15
Ro Khanna,BLK,2025-06-23
Ro Khanna,META,2025-10-17
Ro Khanna,META,2025-11-07
Ro Khanna,META,2025-11-24
Ro Khanna,HD,2025-05-19
Ro Khanna,HD,2025-06-23
Ro Khanna,HD,2025-10-30
Ro Khanna,NFLX,2025-04-23
Ro Khanna,NVDA,2025-05-21
Ro Khanna,NVDA,2025-06-06
Ro Khanna,NVDA,2025-06-20
Ro Khanna,NVDA,2025-07-02
Ro Khanna,NVDA,2025-08-01
Ro Khanna,NVDA,2025-11-07
Ro Khanna,ORCL,2025-11-03
Ro Khanna,ORCL,2025-11-07
Ro Khanna,MSFT,2025-04-15
Ro Khanna,MSFT,2025-05-28
Ro Khanna,MSFT,2025-06-06
Ro Khanna,MSFT,2025-07-02
Ro Khanna,MCD,2025-10-07
Ro Khanna,MA,2025-08-04
Ro Khanna,PLTR,2025-04-04
Ro Khanna,PLTR,2025-04-23
Ro Khanna,PLTR,2025-04-23
Ro Khanna,PLTR,2025-08-26
Ro Khanna,PLTR,2025-10-07
Ro Khanna,JNJ,2025-07-25
Ro Khanna,JNJ,2025-08-04
Ro Khanna,JNJ,2025-10-30
Ro Khanna,JNJ,2025-11-07
Ro Khanna,JPM,2025-06-06
Ro Khanna,JPM,2025-06-26
Ro Khanna,JPM,2025-07-01
Ro Khanna,JPM,2025-07-02
Ro Khanna,JPM,2025-07-07
Ro Khanna,JPM,2025-07-17
Ro Khanna,JPM,2025-07-17
Ro Khanna,JPM,2025-07-17
Ro Khanna,JPM,2025-07-24
Ro Khanna,JPM,2025-07-24
Ro Khanna,JPM,2025-08-12
Ro Khanna,AAPL,2025-07-25
Ro Khanna,AAPL,2025-08-04
Ro Khanna,AAPL,2025-10-03
Ro Khanna,AAPL,2025-11-07
Ro Khanna,UNP,2025-08-04
Ro Khanna,UNP,2025-08-26
Ro Khanna,WBA,2025-04-04
Ro Khanna,WM,2025-10-28
Ro Khanna,WM,2025-10-29
Ro Khanna,AMT,2025-10-07
Ro Khanna,AMT,2025-11-03
Ro Khanna,AMT,2025-11-19
Ro Khanna,ABBV,2025-05-28
Ro Khanna,ABBV,2025-07-01
Ro Khanna,ABBV,2025-08-04
Ro Khanna,ISRG,2025-11-03
Ro Khanna,ISRG,2025-11-07
Ro Khanna,ISRG,2025-11-10
Ro Khanna,WMT,2025-10-07
Ro Khanna,UNH,2025-08-26
Ro Khanna,UNH,2025-11-10
Ro Khanna,AMZN,2025-05-28
Ro Khanna,AMZN,2025-06-06
Ro Khanna,AMZN,2025-08-04
Ro Khanna,AMZN,2025-08-19
Ro Khanna,AMZN,2025-10-17
Ro Khanna,WFC,2025-06-18
Ro Khanna,WFC,2025-06-23
Ro Khanna,ZTS,2025-08-06
Ro Khanna,ZTS,2025-08-21
Ro Khanna,ZTS,2025-08-26
Ro Khanna,ZTS,2025-10-27
Ro Khanna,ZTS,2025-11-03
Ro Khanna,ZTS,2025-11-10
Ro Khanna,MRK,2025-05-28
Ro Khanna,MRK,2025-06-20
Ro Khanna,MRK,2025-06-23
Ro Khanna,MRK,2025-07-01
Ro Khanna,MRK,2025-08-04
Ro Khanna,ADBE,2025-07-25
Ro Khanna,ADBE,2025-11-03
Ro Khanna,ADBE,2025-11-12
Ro Khanna,SBUX,2025-11-07
Ro Khanna,SBUX,2025-11-10
Ro Khanna,XYL,2025-06-06
Ro Khanna,WDAY,2025-08-26
Ro Khanna,NSC,2025-06-23
Ro Khanna,NSC,2025-07-01
Ro Khanna,PRU,2025-06-23
Ro Khanna,PRU,2025-11-03
Ro Khanna,ANET,2025-08-04
Ro Khanna,ANET,2025-08-19
Ro Khanna,DHI,2025-08-04
Ro Khanna,SPGI,2025-08-04
Ro Khanna,SPGI,2025-08-26
Ro Khanna,SPGI,2025-11-03
Ro Khanna,SPGI,2025-11-10
Ro Khanna,ODFL,2025-11-03
Ro Khanna,MO,2025-05-28
Ro Khanna,MO,2025-07-01
Ro Khanna,MO,2025-08-04
Ro Khanna,CMCSA,2025-11-10
Ro Khanna,COST,2025-11-03
Ro Khanna,COST,2025-11-10
Ro Khanna,AMGN,2025-04-09
Ro Khanna,CMG,2025-08-26
Ro Khanna,CMG,2025-10-07
Ro Khanna,CMG,2025-11-03
Ro Khanna,CB,2025-04-23
Ro Khanna,CB,2025-10-07
Ro Khanna,CB,2025-11-03
Ro Khanna,PFG,2025-11-03
Ro Khanna,DAL,2025-04-15
Ro Khanna,REGN,2025-08-04
Ro Khanna,REGN,2025-08-26
Ro Khanna,REGN,2025-11-03
Ro Khanna,FISV,2025-11-10
Ro Khanna,CCI,2025-05-19
Ro Khanna,CCI,2025-11-03
Ro Khanna,KKR,2025-04-23
Ro Khanna,KKR,2025-05-20
Ro Khanna,KKR,2025-11-03
Ro Khanna,CDNS,2025-04-23
Ro Khanna,CDNS,2025-06-20
Ro Khanna,CDNS,2025-06-23
Ro Khanna,CDNS,2025-08-26
Ro Khanna,APH,2025-04-09
Ro Khanna,APH,2025-04-15
Ro Khanna,APH,2025-04-23
Ro Khanna,CTSH,2025-11-03
Ro Khanna,ETN,2025-04-09
Ro Khanna,ETN,2025-04-15
Ro Khanna,ETN,2025-04-25
Ro Khanna,ETN,2025-11-07
Ro Khanna,MAA,2025-11-03
Ro Khanna,MAA,2025-11-10
Ro Khanna,PNC,2025-04-09
Ro Khanna,PNC,2025-04-15
Ro Khanna,PNC,2025-06-18
Ro Khanna,PNC,2025-07-18
Ro Khanna,GWW,2025-11-03
Ro Khanna,GWW,2025-11-10
Ro Khanna,MMM,2025-05-19
Ro Khanna,FCX,2025-04-09
Ro Khanna,FCX,2025-04-15
Ro Khanna,LOW,2025-07-25
Ro Khanna,LOW,2025-08-04
Ro Khanna,LOW,2025-08-26
Ro Khanna,LOW,2025-10-07
Ro Khanna,PFE,2025-05-19
Ro Khanna,PFE,2025-05-28
Ro Khanna,PFE,2025-06-20
Ro Khanna,PFE,2025-07-01
Ro Khanna,PFE,2025-08-04
Ro Khanna,C,2025-04-15
Ro Khanna,C,2025-04-15
Ro Khanna,C,2025-04-23
Ro Khanna,ITW,2025-06-23
Ro Khanna,ADI,2025-08-26
Ro Khanna,BK,2025-06-13
Ro Khanna,PCAR,2025-04-15
Ro Khanna,HLT,2025-08-04
Ro Khanna,HLT,2025-08-26
Ro Khanna,MET,2025-11-06
Ro Khanna,MET,2025-11-10
Ro Khanna,MET,2025-11-14
Ro Khanna,FAST,2025-11-03
Ro Khanna,MTD,2025-05-19
Ro Khanna,MTD,2025-05-28
Ro Khanna,PLD,2025-06-23
Ro Khanna,PLD,2025-07-01
Ro Khanna,PLD,2025-08-26
Ro Khanna,KLAC,2025-04-09
Ro Khanna,KLAC,2025-04-15
Ro Khanna,KLAC,2025-04-23
Ro Khanna,CFG,2025-04-09
Ro Khanna,CFG,2025-10-08
Ro Khanna,CFG,2025-10-22
Ro Khanna,FDX,2025-04-23
Ro Khanna,FDX,2025-04-25
Ro Khanna,FDX,2025-08-05
Ro Khanna,FDX,2025-08-07
Ro Khanna,FDX,2025-08-13
Ro Khanna,FDX,2025-08-20
Ro Khanna,USB,2025-04-09
Ro Khanna,USB,2025-04-15
Ro Khanna,USB,2025-06-13
Ro Khanna,USB,2025-06-16
Ro Khanna,URI,2025-04-09
Ro Khanna,URI,2025-04-15
Ro Khanna,URI,2025-04-23
Ro Khanna,URI,2025-10-24
Ro Khanna,URI,2025-11-25
Ro Khanna,ROST,2025-08-26
Ro Khanna,ROST,2025-10-07
Ro Khanna,HBAN,2025-04-09
Ro Khanna,HBAN,2025-10-06
Ro Khanna,TSCO,2025-04-09
Ro Khanna,PWR,2025-04-09
Ro Khanna,GEHC,2025-04-09
Ro Khanna,GEHC,2025-04-15
Ro Khanna,GEHC,2025-04-23
Ro Khanna,INTU,2025-05-28
Ro Khanna,INTU,2025-06-23
Ro Khanna,INTU,2025-10-07
Ro Khanna,INTU,2025-11-10
Ro Khanna,F,2025-04-09
Ro Khanna,DD,2025-05-28
Ro Khanna,DD,2025-08-04
Ro Khanna,KMB,2025-10-07
Ro Khanna,KMB,2025-11-03
Ro Khanna,ROK,2025-07-02
Ro Khanna,DOV,2025-04-15
Ro Khanna,DOV,2025-10-30
Ro Khanna,DOV,2025-11-07
Ro Khanna,DOV,2025-11-19
Ro Khanna,NKE,2025-06-23
Ro Khanna,NKE,2025-07-01
Ro Khanna,AMD,2025-10-17
Ro Khanna,FOXA,2025-11-03
Ro Khanna,BX,2025-08-26
Ro Khanna,SWK,2025-08-26
Ro Khanna,PENN,2025-04-21
Ro Khanna,PENN,2025-04-30
Ro Khanna,PENN,2025-05-13
Ro Khanna,DELL,2025-04-15
Ro Khanna,DELL,2025-04-23
Ro Khanna,JCI,2025-04-15
Ro Khanna,JCI,2025-04-23
Ro Khanna,STX,2025-04-15
Ro Khanna,STX,2025-04-23
Ro Khanna,MTB,2025-10-28
Ro Khanna,MTB,2025-10-29
Ro Khanna,NDSN,2025-04-15
Ro Khanna,NDSN,2025-04-23
Ro Khanna,ZBRA,2025-04-23
Ro Khanna,DHR,2025-11-03
Ro Khanna,NTAP,2025-04-15
Ro Khanna,NTAP,2025-04-23
Ro Khanna,WY,2025-08-04
Ro Khanna,WY,2025-08-26
Ro Khanna,WY,2025-11-10
Ro Khanna,APO,2025-07-25
Ro Khanna,APO,2025-08-04
Ro Khanna,APO,2025-11-03
Ro Khanna,APO,2025-11-10
Ro Khanna,TFC,2025-04-23
Ro Khanna,TFC,2025-04-27
Ro Khanna,TFC,2025-05-05
Ro Khanna,TFC,2025-05-08
Ro Khanna,TFC,2025-05-13
Ro Khanna,TFC,2025-05-14
Ro Khanna,TFC,2025-05-19
Ro Khanna,TFC,2025-06-18
Ro Khanna,TFC,2025-07-27
Ro Khanna,TFC,2025-08-01
Ro Khanna,TFC,2025-08-04
Ro Khanna,TFC,2025-08-08
Ro Khanna,TFC,2025-08-12
Ro Khanna,TFC,2025-08-27
Ro Khanna,TFC,2025-10-07
Ro Khanna,TFC,2025-11-14
Ro Khanna,NVR,2025-10-08
Ro Khanna,SHW,2025-08-26
Ro Khanna,SHW,2025-11-03
Ro Khanna,SHW,2025-11-10
Ro Khanna,APD,2025-07-01
Ro Khanna,APD,2025-08-04
Ro Khanna,APD,2025-11-03
Ro Khanna,APD,2025-11-10
Ro Khanna,TJX,2025-06-23
Ro Khanna,TJX,2025-07-01
Ro Khanna,IQV,2025-04-23
Ro Khanna,IQV,2025-05-19
Ro Khanna,IQV,2025-05-28
Ro Khanna,FTNT,2025-11-10
Ro Khanna,MDT,2025-08-04
Ro Khanna,MCO,2025-05-28
Ro Khanna,MCO,2025-06-23
Ro Khanna,MCO,2025-07-01
Ro Khanna,JBHT,2025-08-04
Ro Khanna,BMO,2025-04-16
Ro Khanna,BMO,2025-04-16
Ro Khanna,BMO,2025-04-17
Ro Khanna,BMO,2025-04-23
Ro Khanna,BMO,2025-04-24
Ro Khanna,BMO,2025-04-24
Ro Khanna,BMO,2025-04-24
Ro Khanna,BMO,2025-05-22
Ro Khanna,BMO,2025-07-17
Ro Khanna,BMO,2025-07-31
Ro Khanna,SBAC,2025-10-07
Ro Khanna,SBAC,2025-10-27
Ro Khanna,SBAC,2025-11-03
Ro Khanna,CL,2025-08-26
Ro Khanna,CL,2025-11-03
Ro Khanna,CL,2025-11-10
Ro Khanna,MAR,2025-11-03
Ro Khanna,UAL,2025-04-23
Ro Khanna,RJF,2025-04-23
Ro Khanna,IFF,2025-10-07
Ro Khanna,EXPD,2025-04-23
Ro Khanna,EL,2025-04-23
Ro Khanna,EL,2025-06-23
Ro Khanna,FSLR,2025-04-23
Ro Khanna,TROW,2025-04-23
Ro Khanna,TROW,2025-05-19
Ro Khanna,TROW,2025-06-23
Ro Khanna,ADSK,2025-04-23
Ro Khanna,ANSS,2025-04-23
Ro Khanna,EA,2025-11-03
Ro Khanna,DE,2025-10-14
Ro Khanna,DE,2025-10-24
Ro Khanna,DECK,2025-08-27
Ro Khanna,DECK,2025-08-28
Ro Khanna,DECK,2025-10-02
Ro Khanna,DECK,2025-10-07
Ro Khanna,DECK,2025-10-24
Ro Khanna,DECK,2025-10-27
Ro Khanna,DECK,2025-10-28
Ro Khanna,DECK,2025-11-06
Ro Khanna,DECK,2025-11-07
Ro Khanna,DECK,2025-11-11
Ro Khanna,DECK,2025-11-13
Ro Khanna,DECK,2025-11-21
Ro Khanna,VRTX,2025-08-04
Ro Khanna,VRTX,2025-10-07
Ro Khanna,CPRT,2025-08-04
Ro Khanna,CPRT,2025-11-03
Ro Khanna,CPRT,2025-11-10
Ro Khanna,VMC,2025-04-23
Ro Khanna,FICO,2025-10-07
Ro Khanna,IBM,2025-08-26
Ro Khanna,COO,2025-08-04
Ro Khanna,COO,2025-10-01
Ro Khanna,COO,2025-10-10
Ro Khanna,COO,2025-10-15
Ro Khanna,COO,2025-10-21
Ro Khanna,COO,2025-10-24
Ro Khanna,BALL,2025-04-23
Ro Khanna,BALL,2025-11-03
Ro Khanna,LYB,2025-11-03
Ro Khanna,SCHW,2025-04-23
Ro Khanna,SCHW,2025-06-02
Ro Khanna,SCHW,2025-07-03
Ro Khanna,ADM,2025-04-23
Ro Khanna,ADM,2025-05-19
Ro Khanna,IP,2025-08-04
Ro Khanna,IP,2025-08-26
Ro Khanna,IP,2025-11-03
Ro Khanna,PGR,2025-11-10
Ro Khanna,EPAM,2025-06-23
Ro Khanna,EPAM,2025-08-04
Ro Khanna,AVB,2025-10-07
Ro Khanna,FDS,2025-10-06
Ro Khanna,FDS,2025-10-13
Ro Khanna,FDS,2025-10-14
Ro Khanna,FDS,2025-10-15
Ro Khanna,FDS,2025-10-17
Ro Khanna,FDS,2025-10-21
Ro Khanna,FDS,2025-10-27
Ro Khanna,FDS,2025-10-29
Ro Khanna,FDS,2025-10-30
Ro Khanna,FDS,2025-11-06
Ro Khanna,FDS,2025-11-10
Ro Khanna,VLTO,2025-05-28
Ro Khanna,VLTO,2025-06-23
Ro Khanna,NTRS,2025-06-23
Ro Khanna,RCL,2025-07-01
Ro Khanna,RCL,2025-08-04
Ro Khanna,IR,2025-11-25
Ro Khanna,MCHP,2025-08-04
Ro Khanna,MCHP,2025-11-10
Ro Khanna,MCHP,2025-11-24
Ro Khanna,MGM,2025-08-26
Ro Khanna,SOLV,2025-11-20
Ro Khanna,HAS,2025-05-28
Ro Khanna,AIZ,2025-08-04
Ro Khanna,LEN,2025-05-28
Ro Khanna,LEN,2025-07-25
Ro Khanna,CLX,2025-08-26
Ro Khanna,CLX,2025-10-07
Ro Khanna,RMD,2025-05-28
Ro Khanna,PODD,2025-08-04
Ro Khanna,MLM,2025-11-03
Ro Khanna,ABNB,2025-08-26
Ro Khanna,ABNB,2025-10-07
Ro Khanna,ABNB,2025-11-03
Ro Khanna,ABNB,2025-11-10
Ro Khanna,OTIS,2025-07-25
Ro Khanna,OTIS,2025-10-07
Ro Khanna,ARE,2025-07-25
Ro Khanna,ARE,2025-11-03
Ro Khanna,ARE,2025-11-07
Ro Khanna,IDXX,2025-08-04
Ro Khanna,IDXX,2025-10-07
Ro Khanna,WST,2025-04-23
Ro Khanna,WST,2025-05-19
Ro Khanna,BIIB,2025-08-26
Ro Khanna,IPG,2025-04-23
Ro Khanna,IVZ,2025-04-23
Ro Khanna,ALB,2025-04-23
Ro Khanna,VTRS,2025-04-23
Ro Khanna,CNC,2025-06-20
Ro Khanna,CNC,2025-07-25
Ro Khanna,CNC,2025-08-04
Ro Khanna,LUV,2025-04-23
Ro Khanna,A,2025-05-28
Ro Khanna,DLR,2025-05-19
Ro Khanna,DLR,2025-11-03
Ro Khanna,WDC,2025-04-23
Ro Khanna,DG,2025-04-23
Ro Khanna,LYV,2025-04-23
Ro Khanna,STT,2025-05-15
Ro Khanna,STT,2025-06-05
Ro Khanna,STT,2025-11-03
Ro Khanna,SWKS,2025-04-23
Ro Khanna,RY,2025-04-24
Ro Khanna,AON,2025-10-07
Ro Khanna,AON,2025-10-16
Ro Khanna,AON,2025-10-21
Ro Khanna,AON,2025-11-03
Ro Khanna,AEE,2025-06-27
Ro Khanna,UBER,2025-04-25
Ro Khanna,UBS,2025-04-28
Ro Khanna,UBS,2025-05-22
Ro Khanna,UBS,2025-05-22
Ro Khanna,UBS,2025-05-27
Ro Khanna,UBS,2025-08-08
Ro Khanna,TENB,2025-05-01
Ro Khanna,TENB,2025-05-02
Ro Khanna,TENB,2025-05-05
Ro Khanna,TENB,2025-05-06
Ro Khanna,TENB,2025-05-08
Ro Khanna,TENB,2025-05-09
Ro Khanna,TENB,2025-05-12
Ro Khanna,TENB,2025-05-30
Ro Khanna,TENB,2025-06-16
Ro Khanna,TENB,2025-07-01
Ro Khanna,TENB,2025-07-10
Ro Khanna,TENB,2025-08-11
Ro Khanna,TENB,2025-08-12
Ro Khanna,TENB,2025-08-13
Ro Khanna,TENB,2025-08-20
Ro Khanna,TENB,2025-10-30
Ro Khanna,TENB,2025-11-20
Ro Khanna,TENB,2025-11-21
Ro Khanna,UCTT,2025-05-12
Ro Khanna,UCTT,2025-05-13
Ro Khanna,GEV,2025-05-02
Ro Khanna,GEV,2025-06-06
Ro Khanna,GEV,2025-07-02
Ro Khanna,GEV,2025-08-01
Ro Khanna,HCA,2025-11-03
Ro Khanna,TD,2025-05-08
Ro Khanna,TD,2025-05-22
Ro Khanna,TD,2025-05-22
Ro Khanna,TD,2025-06-12
Ro Khanna,TD,2025-06-26
Ro Khanna,TD,2025-07-14
Ro Khanna,TD,2025-07-29
Ro Khanna,TD,2025-08-21
Ro Khanna,TD,2025-08-26
Ro Khanna,TAK,2025-06-13
Ro Khanna,NTTYY,2025-05-09
Ro Khanna,ING,2025-07-11
Ro Khanna,ING,2025-08-08
Ro Khanna,TM,2025-05-09
Ro Khanna,TM,2025-11-14
Ro Khanna,CRH,2025-05-09
Ro Khanna,CRH,2025-08-08
Ro Khanna,IFNNY,2025-05-09
Ro Khanna,CGEMY,2025-05-09
Ro Khanna,DDOG,2025-05-21
Ro Khanna,DDOG,2025-06-06
Ro Khanna,DDOG,2025-07-25
Ro Khanna,DDOG,2025-08-04
Ro Khanna,DDOG,2025-10-07
Ro Khanna,DDOG,2025-11-10
Ro Khanna,CHD,2025-10-07
Ro Khanna,CPT,2025-10-07
Ro Khanna,UDR,2025-11-03
Ro Khanna,UDR,2025-11-10
Ro Khanna,CHTR,2025-10-07
Ro Khanna,BMY,2025-11-03
Ro Khanna,PEAK,2025-07-01
Ro Khanna,PEAK,2025-07-25
Ro Khanna,PEAK,2025-08-04
Ro Khanna,CVS,2025-08-04
Ro Khanna,PKG,2025-11-03
Ro Khanna,ROP,2025-11-10
Ro Khanna,KHC,2025-08-04
Ro Khanna,MRSH,2025-11-03
Ro Khanna,BXP,2025-05-28
Ro Khanna,BXP,2025-07-01
Ro Khanna,ESS,2025-08-04
Ro Khanna,HUM,2025-07-25
Ro Khanna,HUM,2025-08-04
Ro Khanna,AXP,2025-07-02
Ro Khanna,INVH,2025-10-30
Ro Khanna,INVH,2025-11-03
Ro Khanna,INVH,2025-11-10
Ro Khanna,CAG,2025-07-01
Ro Khanna,CAG,2025-11-10
Ro Khanna,INCY,2025-05-19
Ro Khanna,TECH,2025-05-19
Ro Khanna,TECH,2025-05-28
Ro Khanna,CBRE,2025-11-10
Ro Khanna,SYK,2025-11-10
Ro Khanna,AFL,2025-07-25
Ro Khanna,AFL,2025-08-04
Ro Khanna,AFL,2025-10-07
Ro Khanna,BNPQY,2025-05-28
Ro Khanna,BNPQY,2025-05-30
Ro Khanna,BNPQY,2025-07-15
Ro Khanna,BNPQY,2025-08-21
Ro Khanna,MSCI,2025-10-07
Ro Khanna,EQIX,2025-11-10
Ro Khanna,GIS,2025-06-25
Ro Khanna,GIS,2025-07-10
Ro Khanna,GIS,2025-07-24
Ro Khanna,GIS,2025-08-04
Ro Khanna,GIS,2025-10-07
Ro Khanna,GIS,2025-11-10
Ro Khanna,TYL,2025-08-04
Ro Khanna,TYL,2025-10-07
Ro Khanna,BNS,2025-05-28
Ro Khanna,BNS,2025-07-09
Ro Khanna,BNS,2025-07-29
Ro Khanna,COIN,2025-05-28
Ro Khanna,COIN,2025-06-23
Ro Khanna,VICI,2025-10-07
Ro Khanna,SPG,2025-08-26
Ro Khanna,SPG,2025-10-07
Ro Khanna,SPG,2025-11-03
Ro Khanna,DVA,2025-05-28
Ro Khanna,BBY,2025-08-04
Ro Khanna,FEDXX,2025-06-10
Ro Khanna,FEDXX,2025-06-13
Ro Khanna,FEDXX,2025-06-17
Ro Khanna,FEDXX,2025-06-23
Ro Khanna,FEDXX,2025-06-25
Ro Khanna,RCI,2025-06-13
Ro Khanna,RCI,2025-07-01
Ro Khanna,SIEGY,2025-06-13
Ro Khanna,TSM,2025-07-11
Ro Khanna,TSM,2025-08-19
Ro Khanna,TSM,2025-10-10
Ro Khanna,SO,2025-06-16
Ro Khanna,VZ,2025-11-10
Ro Khanna,LKQ,2025-08-26
Ro Khanna,LKQ,2025-11-03
Ro Khanna,KIM,2025-08-26
Ro Khanna,FLT,2025-08-04
Ro Khanna,FLT,2025-08-26
Ro Khanna,FLT,2025-11-03
Ro Khanna,FLT,2025-11-10
Ro Khanna,K,2025-10-07
Ro Khanna,LULU,2025-11-10
Ro Khanna,STZ,2025-07-25
Ro Khanna,STZ,2025-08-04
Ro Khanna,STZ,2025-11-03
Ro Khanna,STZ,2025-11-10
Ro Khanna,MHK,2025-08-04
Ro Khanna,HWM,2025-06-23
Ro Khanna,POOL,2025-08-04
Ro Khanna,GRMN,2025-08-04
Ro Khanna,TU,2025-06-24
Ro Khanna,AXTA,2025-08-22
Ro Khanna,AXTA,2025-10-28
Ro Khanna,AXTA,2025-10-29
Ro Khanna,AXTA,2025-10-30
Ro Khanna,AXTA,2025-11-03
Ro Khanna,AXTA,2025-11-05
Ro Khanna,AXTA,2025-11-06
Ro Khanna,AXTA,2025-11-07
Ro Khanna,AXTA,2025-11-10
Ro Khanna,AXTA,2025-11-13
Ro Khanna,PPL,2025-06-27
Ro Khanna,PPL,2025-11-25
Ro Khanna,CEG,2025-06-27
Ro Khanna,MIR,2025-06-27
Ro Khanna,EXPE,2025-08-26
Ro Khanna,CCL,2025-11-03
Ro Khanna,KVUE,2025-11-10
Ro Khanna,DPZ,2025-11-03
Ro Khanna,VTR,2025-08-04
Ro Khanna,VTR,2025-11-03
Ro Khanna,8376923Z,2025-07-02
Ro Khanna,KO,2025-08-04
Ro Khanna,LNC,2025-07-03
Ro Khanna,NI,2025-07-09
Ro Khanna,VIG,2025-07-21
Ro Khanna,VIG,2025-07-21
Ro Khanna,VIG,2025-07-21
Ro Khanna,VIG,2025-07-29
Ro Khanna,VIG,2025-07-29
Ro Khanna,CPB,2025-08-04
Ro Khanna,IT,2025-07-25
Ro Khanna,IT,2025-08-26
Ro Khanna,ERIE,2025-07-25
Ro Khanna,TTD,2025-08-04
Ro Khanna,KDP,2025-10-07
Ro Khanna,KDP,2025-11-03
Ro Khanna,KDP,2025-11-10
Ro Khanna,CM,2025-07-31
Ro Khanna,CM,2025-08-07
Ro Khanna,BRO,2025-08-26
Ro Khanna,BRO,2025-10-07
Ro Khanna,BRO,2025-11-03
Ro Khanna,BRO,2025-11-10
Ro Khanna,AMCR,2025-10-07
Ro Khanna,CDAY,2025-11-03
Ro Khanna,CDAY,2025-11-10
Ro Khanna,CHRW,2025-08-04
Ro Khanna,SQ,2025-08-26
Ro Khanna,SQ,2025-11-03
Ro Khanna,ALL,2025-08-04
Ro Khanna,WELL,2025-08-04
Ro Khanna,MAS,2025-08-26
Ro Khanna,CRWV,2025-08-19
Ro Khanna,CME,2025-10-07
Ro Khanna,CME,2025-11-03
Ro Khanna,AMRZ,2025-10-01
Ro Khanna,AMRZ,2025-10-03
Ro Khanna,AMRZ,2025-10-08
Ro Khanna,AMRZ,2025-10-14
Ro Khanna,AMRZ,2025-10-15
Ro Khanna,AMRZ,2025-10-17
Ro Khanna,AMRZ,2025-10-20
Ro Khanna,AMRZ,2025-10-24
Ro Khanna,AMRZ,2025-11-04
Ro Khanna,CMA,2025-10-06
Ro Khanna,EQH,2025-10-06
Ro Khanna,EQH,2025-10-16
Ro Khanna,EQH,2025-10-24
Ro Khanna,JKHY,2025-10-07
Ro Khanna,JKHY,2025-11-03
Ro Khanna,PAYC,2025-11-03
Ro Khanna,AZN,2025-10-10
Ro Khanna,IOT,2025-10-17
Ro Khanna,7410Z,2025-10-17
Ro Khanna,SRE,2025-10-17
Ro Khanna,SRE,2025-11-14
Ro Khanna,COHR,2025-10-17
Ro Khanna,COHR,2025-11-25
Ro Khanna,OC,2025-10-21
Ro Khanna,OC,2025-10-22
Ro Khanna,OC,2025-10-24
Ro Khanna,ALLY,2025-10-22
Ro Khanna,EQT,2025-10-24
Ro Khanna,NVT,2025-10-24
Ro Khanna,NVT,2025-11-25
Ro Khanna,EXC,2025-10-30
Ro Khanna,CMS,2025-10-30
Ro Khanna,EME,2025-11-03
Ro Khanna,J,2025-11-03
Ro Khanna,MCK,2025-11-03
Ro Khanna,EBAY,2025-11-03
Ro Khanna,T,2025-11-03
Ro Khanna,HRL,2025-11-10
Ro Khanna,FCNCA,2025-11-13
Ro Khanna,III,2025-11-14
Ro Khanna,AXAHY,2025-11-14
Ro Khanna,SAP,2025-11-14
Ro Khanna,IDEXY,2025-11-14
Ro Khanna,WIX,2025-11-17
Ro Khanna,WIX,2025-11-18
Ro Khanna,WIX,2025-11-19
Ro Khanna,D,2025-11-19
Ro Khanna,BCE,2025-11-19
Markwayne Mullin,FCFS,2026-01-05
Markwayne Mullin,FCFS,2026-02-04
Markwayne Mullin,AMD,2024-01-02
Markwayne Mullin,NVDA,2024-01-02
Markwayne Mullin,NVDA,2025-12-29
Markwayne Mullin,LRCX,2025-05-13
Markwayne Mullin,LRCX,2025-12-29
Markwayne Mullin,META,2024-01-02
Markwayne Mullin,META,2025-12-29
Markwayne Mullin,ADBE,2026-01-05
Markwayne Mullin,ADBE,2026-02-04
Markwayne Mullin,AMAT,2025-05-13
Markwayne Mullin,AMAT,2025-12-29
Markwayne Mullin,AAPL,2024-01-02
Markwayne Mullin,AAPL,2025-12-29
Markwayne Mullin,AXON,2024-01-04
Markwayne Mullin,CYBR,2024-01-04
Markwayne Mullin,ELF,2024-01-04
Markwayne Mullin,ETN,2024-01-04
Markwayne Mullin,FRPT,2024-01-04
Markwayne Mullin,OLLI,2024-01-04
Markwayne Mullin,SFM,2024-01-04
Markwayne Mullin,BMI,2024-01-04
Markwayne Mullin,PCLPX,2024-10-29
Markwayne Mullin,PCLPX,2024-11-12
Markwayne Mullin,LLY,2024-12-11
Markwayne Mullin,LLY,2025-12-29
Markwayne Mullin,COP,2025-05-13
Markwayne Mullin,COP,2025-12-29
Markwayne Mullin,TMO,2025-05-13
Markwayne Mullin,VLO,2025-05-13
Markwayne Mullin,CVX,2025-05-13
Markwayne Mullin,CVX,2025-12-29
Markwayne Mullin,LPLA,2025-05-13
Markwayne Mullin,LHX,2025-05-13
Markwayne Mullin,UNH,2026-02-25
Markwayne Mullin,UNH,2026-03-16
Markwayne Mullin,MSFT,2025-11-03
Markwayne Mullin,MSFT,2025-12-29
Markwayne Mullin,PNR,2025-11-10
Markwayne Mullin,COF,2025-11-10
Markwayne Mullin,COF,2025-12-29
Markwayne Mullin,LRN,2026-01-05
Markwayne Mullin,LRN,2026-02-04
Markwayne Mullin,CAT,2025-12-29
Markwayne Mullin,JPM,2025-12-29
Markwayne Mullin,RTX,2025-12-29
Markwayne Mullin,NOW,2025-12-29
Markwayne Mullin,NOW,2026-03-16
Markwayne Mullin,INTU,2026-03-16
Markwayne Mullin,HD,2025-12-29
Markwayne Mullin,ISRG,2025-12-29
Markwayne Mullin,ISRG,2026-03-16
Markwayne Mullin,COST,2025-12-29
Markwayne Mullin,HLT,2025-12-29
Markwayne Mullin,MA,2025-12-29
Markwayne Mullin,AXP,2025-12-29
Markwayne Mullin,IQV,2025-12-29
Markwayne Mullin,CRM,2025-12-29
Markwayne Mullin,GOOGL,2025-12-29
Markwayne Mullin,AMZN,2025-12-29
Markwayne Mullin,KO,2025-12-29
Markwayne Mullin,ICE,2025-12-29
Markwayne Mullin,ELV,2025-12-29
Markwayne Mullin,DE,2025-12-29
Markwayne Mullin,BSX,2025-12-29
Markwayne Mullin,AMKR,2026-01-05
Markwayne Mullin,AMKR,2026-02-04
Markwayne Mullin,APG,2026-01-05
Markwayne Mullin,APG,2026-02-04
Markwayne Mullin,C,2026-01-05
Markwayne Mullin,C,2026-02-04
Markwayne Mullin,CRS,2026-01-05
Markwayne Mullin,CRS,2026-02-04
Markwayne Mullin,MCK,2026-01-05
Markwayne Mullin,MCK,2026-02-04
Markwayne Mullin,MPWR,2026-01-05
Markwayne Mullin,MPWR,2026-02-04
Laurel Lee,HURA,2025-07-13
John Hickenlooper,LBRDA,2025-05-09
John Hickenlooper,LBRDA,2025-05-19
John Hickenlooper,UBER,2026-01-14
John Hickenlooper,ETN,2026-01-14
John Hickenlooper,INTU,2026-03-16
John Hickenlooper,PANW,2026-03-16
Scott Franklin,SBUX,2024-08-07
Scott Franklin,GD,2024-08-07
Scott Franklin,LSYIX,2024-08-07
Scott Franklin,LMT,2024-08-07
Scott Franklin,QQQM,2024-08-07
Scott Franklin,SDVY,2024-08-07
Scott Franklin,FBKWX,2024-08-07
Scott Franklin,COST,2024-08-07
Scott Franklin,UNH,2024-08-07
Scott Franklin,ACN,2024-08-07
Scott Franklin,CB,2024-08-07
Scott Franklin,AMGN,2024-08-07
Scott Franklin,APD,2024-08-07
Scott Franklin,UNP,2025-04-21
Scott Franklin,UNP,2025-10-14
Scott Franklin,UNP,2025-10-14
Scott Franklin,NVO,2025-08-04
Scott Franklin,NVO,2025-08-04
Scott Franklin,IVV,2025-10-14
Scott Franklin,IVV,2025-10-14
Scott Franklin,ADP,2026-03-16
Scott Franklin,ITW,2026-03-16
Debbie Wasserman Schultz,NGD,2024-02-28
Debbie Wasserman Schultz,ICHR,2025-08-05
Debbie Wasserman Schultz,SSYS,2025-08-15
Lisa McClain,AMD,2025-10-30
Lisa McClain,NVDA,2025-06-11
Lisa McClain,NVDA,2025-06-17
Lisa McClain,NVDA,2025-10-30
Lisa McClain,ASML,2026-03-16
Lisa McClain,SMR,2024-11-08
Lisa McClain,SMR,2025-07-08
Lisa McClain,SMR,2025-07-09
Lisa McClain,TSLA,2026-03-16
Lisa McClain,NOW,2025-08-04
Lisa McClain,V,2025-10-30
Lisa McClain,GOOGL,2025-06-24
Lisa McClain,GOOGL,2025-10-30
Lisa McClain,AMZN,2026-03-16
Lisa McClain,AAPL,2026-03-16
Lisa McClain,META,2025-10-30
Lisa McClain,AVGO,2025-10-30
Lisa McClain,GTY,2026-03-16
Lisa McClain,HDB,2026-03-16
Lisa McClain,UL,2026-03-16
Lisa McClain,SAP,2026-03-16
Lisa McClain,NVO,2026-03-16
Lisa McClain,NVS,2026-03-16
Lisa McClain,JPM,2025-10-30
Lisa McClain,BHP,2026-03-16
Lisa McClain,LPX,2026-03-16
Lisa McClain,GME,2025-06-11
Lisa McClain,CNM,2026-03-16
Lisa McClain,SAIC,2026-03-16
Lisa McClain,SFM,2026-03-16
Lisa McClain,NTES,2026-03-16
Lisa McClain,CTRA,2025-06-17
Lisa McClain,SBUX,2025-07-22
Lisa McClain,HUM,2026-03-16
Lisa McClain,INGR,2026-03-16
Lisa McClain,PEP,2025-10-30
Lisa McClain,OVV,2025-06-24
Lisa McClain,CHE,2025-06-24
Lisa McClain,XOM,2025-10-30
Lisa McClain,DOW,2025-06-24
Lisa McClain,ELV,2025-07-10
Lisa McClain,ATR,2025-06-24
Lisa McClain,KO,2026-03-16
Lisa McClain,BBAI,2025-07-10
Lisa McClain,BBAI,2025-08-07
Lisa McClain,BBAI,2026-02-04
Lisa McClain,BBAI,2026-02-06
Lisa McClain,SIX,2025-07-16
Lisa McClain,SLB,2026-03-16
Lisa McClain,DRI,2026-03-16
Lisa McClain,ACI,2026-03-16
Lisa McClain,IT,2026-03-16
Lisa McClain,RGTI,2025-07-17
Lisa McClain,TRGP,2025-07-22
Lisa McClain,LAD,2025-07-22
Lisa McClain,FISV,2025-07-22
Lisa McClain,BAX,2026-03-16
Lisa McClain,BHLB,2025-08-04
Lisa McClain,ROL,2026-03-16
Lisa McClain,SNDR,2026-03-16
Lisa McClain,FMC,2026-03-16
Lisa McClain,WTRG,2026-03-16
Lisa McClain,KVUE,2026-03-16
Lisa McClain,AMH,2026-03-16
Lisa McClain,QLYS,2026-03-16
Lisa McClain,OPCH,2026-03-16
Lisa McClain,MGPI,2026-03-16
Lisa McClain,STX,2026-03-16
Julie Johnson,MMM,2025-04-11
Julie Johnson,MMM,2025-06-18
Julie Johnson,GOOGL,2025-10-31
Shri Thanedar,MSTR,2024-07-01
Ritchie Torres,AVGO,2026-03-16
Ritchie Torres,MKC,2026-03-16
Ritchie Torres,UNP,2026-03-16
Ritchie Torres,CRM,2026-03-16
Ritchie Torres,SHW,2026-03-16
Ritchie Torres,TMUS,2026-03-16
Ritchie Torres,PG,2026-03-16
Ritchie Torres,APO,2026-03-16
Ritchie Torres,LHX,2026-03-16
Ritchie Torres,KMI,2026-03-16
Ritchie Torres,JPM,2026-03-16
Ritchie Torres,HD,2026-03-16
Ritchie Torres,EQR,2026-03-16
Ritchie Torres,ELS,2026-03-16
Ritchie Torres,EQIX,2026-03-16
Ritchie Torres,EQT,2026-03-16
Ritchie Torres,ASML,2026-03-16
Ritchie Torres,BLK,2026-03-16
Ritchie Torres,KO,2026-03-16
Ritchie Torres,BX,2026-03-16
Ritchie Torres,OWL,2026-03-16
Ritchie Torres,PPL,2026-03-16
Ritchie Torres,OTIS,2026-03-16
Ritchie Torres,ORCL,2026-03-16
Ritchie Torres,OKE,2026-03-16
Ritchie Torres,NOC,2026-03-16
Ritchie Torres,NEE,2026-03-16
Ritchie Torres,QCOM,2026-03-16
Ritchie Torres,MRK,2026-03-16
Ritchie Torres,MS,2026-03-16
Ritchie Torres,ABBV,2026-03-16
Ritchie Torres,MSFT,2026-03-16
Ritchie Torres,WMB,2026-03-16
Ritchie Torres,GOOGL,2026-03-16
Ritchie Torres,AMH,2026-03-16
Ritchie Torres,AMT,2026-03-16
Ritchie Torres,META,2026-03-16
Ritchie Torres,JNJ,2026-03-16
Ritchie Torres,GLPI,2026-03-16
Ritchie Torres,ENB,2026-03-16
Ritchie Torres,EIX,2026-03-16
Ritchie Torres,LEN,2026-03-16
Ritchie Torres,SRE,2026-03-16
Ritchie Torres,APPL,2026-03-16
Ritchie Torres,ARE,2026-03-16
Ritchie Torres,CMCSA,2026-03-16
Ritchie Torres,LMT,2026-03-16
Ritchie Torres,UNH,2026-03-16
Ritchie Torres,USB,2026-03-16
Ritchie Torres,TXN,2026-03-16
Ritchie Torres,PEG,2026-03-16
Ritchie Torres,PLD,2026-03-16
Ritchie Torres,PAGP,2026-03-16
Ritchie Torres,NSRGY,2026-03-16
Ritchie Torres,NVDA,2026-03-16
Ritchie Torres,NXPI,2026-03-16
Ritchie Torres,ODFL,2026-03-16
Julia Letlow,VRTX,2024-10-23
Julia Letlow,WAT,2025-12-08
Julia Letlow,V,2024-10-23
Julia Letlow,V,2024-10-25
Julia Letlow,V,2025-07-24
Julia Letlow,WELL,2024-10-23
Julia Letlow,WFC,2024-10-23
Julia Letlow,LOW,2024-10-23
Julia Letlow,LOW,2025-08-08
Julia Letlow,MSFT,2025-05-08
Julia Letlow,JPM,2024-10-23
Julia Letlow,JPM,2024-10-25
Julia Letlow,META,2026-02-12
Julia Letlow,META,2026-02-12
Julia Letlow,UNH,2025-04-22
Julia Letlow,PNC,2024-10-23
Julia Letlow,PH,2024-10-23
Julia Letlow,DUK,2024-10-23
Julia Letlow,AA,2024-10-23
Julia Letlow,AMZN,2025-10-01
Julia Letlow,AAPL,2026-02-02
Julia Letlow,AAPL,2026-02-02
Julia Letlow,BA,2026-02-02
Julia Letlow,BA,2026-02-02
Julia Letlow,BAH,2024-10-23
Julia Letlow,CVX,2024-10-23
Julia Letlow,WSM,2024-10-23
Julia Letlow,WSM,2025-07-25
Julia Letlow,TSM,2026-02-02
Julia Letlow,TSM,2026-02-02
Julia Letlow,TMO,2025-07-25
Julia Letlow,SAIA,2024-10-23
Julia Letlow,NEE,2024-11-01
Julia Letlow,NUE,2024-10-23
Julia Letlow,PEP,2024-10-25
Julia Letlow,PEP,2026-02-05
Julia Letlow,PEP,2026-02-05
Julia Letlow,DIS,2024-10-25
Julia Letlow,DIS,2025-11-03
Julia Letlow,WMT,2024-10-25
Julia Letlow,MCK,2024-12-18
Julia Letlow,MTD,2025-07-25
Julia Letlow,UHS,2025-10-23
Julia Letlow,EXR,2026-02-12
Julia Letlow,EXR,2026-02-12
Julia Letlow,GLOB,2025-07-25
Julia Letlow,DHR,2025-04-28
Julia Letlow,AMD,2025-06-17
Julia Letlow,AMD,2026-02-02
Julia Letlow,AMD,2026-02-02
Julia Letlow,CSCO,2025-06-17
Julia Letlow,CSCO,2026-02-02
Julia Letlow,CSCO,2026-02-02
Julia Letlow,PFE,2025-06-17
Julia Letlow,SYF,2025-07-02
Julia Letlow,GOOGL,2025-07-02
Julia Letlow,AIZ,2025-08-26
Julia Letlow,PG,2025-10-16
Julia Letlow,PG,2026-02-02
Julia Letlow,PG,2026-02-02
Julia Letlow,RELX,2025-10-22
Julia Letlow,IBM,2025-10-22
Julia Letlow,IBM,2026-02-02
Julia Letlow,IBM,2026-02-02
Julia Letlow,KO,2025-11-03
Julia Letlow,SF,2025-11-03
Julia Letlow,DVN,2025-12-08
Julia Letlow,AZN,2025-12-08
Julia Letlow,CMI,2026-02-04
Julia Letlow,CMI,2026-02-04
Julia Letlow,REGN,2026-02-12
Julia Letlow,REGN,2026-02-12
Julia Letlow,VST,2026-02-17
Julia Letlow,VST,2026-02-17
Julia Letlow,TRV,2026-02-20
Julia Letlow,TRV,2026-02-20
Julia Letlow,INTC,2026-03-16
Julia Letlow,GTES,2026-03-16
Julia Letlow,DY,2026-03-16
Julia Letlow,DLTR,2026-03-16
Val Hoyle,NVDA,2025-01-13
Val Hoyle,NVDA,2025-01-14
Val Hoyle,NVDA,2025-06-06
Val Hoyle,NVDA,2025-06-09
Val Hoyle,PCG,2024-10-29
Val Hoyle,VRT,2024-10-29
Val Hoyle,NVO,2024-10-29
Val Hoyle,NFLX,2025-02-04
Val Hoyle,TSM,2025-05-06
Val Hoyle,MSFT,2025-01-13
Val Hoyle,MSFT,2025-06-06
Val Hoyle,MSFT,2025-06-09
Val Hoyle,META,2025-06-06
Val Hoyle,CNC,2024-10-29
Val Hoyle,CF,2024-10-29
Val Hoyle,DHR,2024-10-29
Val Hoyle,EIX,2024-10-29
Val Hoyle,URI,2025-08-07
Val Hoyle,WFC,2025-06-06
Val Hoyle,BAC,2025-06-06
Val Hoyle,BMY,2024-10-29
Val Hoyle,KKR,2025-04-02
Val Hoyle,AVGO,2025-06-06
Val Hoyle,GOOGL,2025-07-14
Val Hoyle,AAPL,2025-06-06
Val Hoyle,ANET,2025-07-14
Val Hoyle,AMZN,2025-01-13
Val Hoyle,AMZN,2025-04-02
Val Hoyle,AMZN,2025-06-06
Val Hoyle,AMZN,2025-07-02
Val Hoyle,AMZN,2026-03-16
Val Hoyle,SNAP,2025-02-04
Val Hoyle,LPLA,2025-03-03
Val Hoyle,CRWV,2025-06-06
Val Hoyle,TYL,2025-06-06
Val Hoyle,TYL,2025-08-07
Val Hoyle,KNX,2025-06-26
Val Hoyle,GDDY,2026-03-16
Brandon Gill,$BTC,2025-01-29
Brandon Gill,$BTC,2025-02-27
Brandon Gill,$BTC,2025-05-13
Brandon Gill,$BTC,2025-05-18
Brandon Gill,$BTC,2025-06-20
Brandon Gill,$BTC,2025-06-23
Brandon Gill,$BTC,2025-07-08
Brandon Gill,$BTC,2025-10-20
Brandon Gill,RSP,2025-06-23
Brandon Gill,TOIXX,2025-05-12
Brandon Gill,DIA,2025-06-23
Brandon Gill,QQQ,2025-06-23
Brandon Gill,QQQ,2025-07-07
Brandon Gill,IBIT,2025-07-17
Brandon Gill,IBIT,2025-10-29
Bruce Westerman,SONY,2025-03-24
Bruce Westerman,SAP,2025-03-20
Bruce Westerman,DE,2025-04-08
Bruce Westerman,NSRGY,2025-03-20
Bruce Westerman,BP,2025-03-21
Bruce Westerman,CAT,2025-04-08
Bruce Westerman,RTX,2025-04-08
Bruce Westerman,ASML,2025-03-20
Tim Moore,F,2025-04-07
Tim Moore,F,2025-04-08
Tim Moore,F,2025-04-09
Tim Moore,F,2025-04-10
Tim Moore,TNA,2025-03-06
Tim Moore,TNA,2025-03-07
Tim Moore,TNA,2025-03-10
Tim Moore,TNA,2025-03-11
Tim Moore,TNA,2025-03-12
Tim Moore,TNA,2025-03-31
Tim Moore,TNA,2025-04-01
Tim Moore,TNA,2025-04-03
Tim Moore,TNA,2025-04-04
Tim Moore,TNA,2025-04-08
Tim Moore,TNA,2025-05-22
Tim Moore,TNA,2025-05-27
Tim Moore,TNA,2025-07-03
Tim Moore,TNA,2025-07-09
Tim Moore,TNA,2025-07-10
Tim Moore,TNA,2025-07-11
Tim Moore,TNA,2025-07-18
Tim Moore,TNA,2025-07-21
Tim Moore,TNA,2025-07-24
Tim Moore,BKR,2025-03-04
Tim Moore,BLK,2025-03-04
Tim Moore,DASH,2025-03-04
Tim Moore,USFD,2025-03-04
Tim Moore,HOG,2025-04-04
Tim Moore,HOG,2025-05-01
Tim Moore,HOG,2025-07-30
Tim Moore,HOG,2025-11-21
Tim Moore,HOG,2025-12-09
Tim Moore,HOG,2025-12-18
Tim Moore,HOG,2026-01-23
Tim Moore,AAL,2025-04-01
Tim Moore,AAL,2025-04-02
Tim Moore,AAL,2025-04-04
Tim Moore,AAL,2025-04-07
Tim Moore,AAL,2025-04-18
Tim Moore,AAL,2025-04-22
Tim Moore,AAL,2025-06-16
Tim Moore,SMCY,2025-03-31
Tim Moore,SMCY,2025-04-01
Tim Moore,SMCY,2025-04-17
Tim Moore,SMCY,2025-04-22
Tim Moore,SMCY,2025-05-09
Tim Moore,SMCY,2025-06-16
Tim Moore,SMCY,2025-08-06
Tim Moore,SMCY,2025-08-07
Tim Moore,SMCY,2025-08-20
Tim Moore,SMCY,2025-08-21
Tim Moore,SMCY,2025-08-29
Tim Moore,TQQQ,2025-04-22
Tim Moore,AAPL,2025-06-02
Tim Moore,TZA,2025-06-27
Tim Moore,TZA,2025-06-30
Tim Moore,TZA,2025-08-13
Tim Moore,TZA,2025-08-14
Tim Moore,TZA,2025-08-25
Tim Moore,TZA,2025-08-28
Tim Moore,CNC,2025-07-18
Tim Moore,CNC,2025-07-21
Tim Moore,CNC,2025-07-22
Tim Moore,CNC,2025-07-29
Tim Moore,CNC,2025-07-30
Tim Moore,CNC,2025-08-07
Tim Moore,CNC,2025-08-08
Tim Moore,UNH,2025-07-21
Tim Moore,UNH,2025-08-01
Tim Moore,UNH,2025-08-08
Tim Moore,DNUT,2025-07-30
Tim Moore,DNUT,2025-08-01
Tim Moore,DNUT,2025-08-04
Tim Moore,DNUT,2026-02-12
Tim Moore,INTC,2025-08-01
Tim Moore,INTC,2025-08-08
Tim Moore,INTC,2025-08-11
Tim Moore,HY,2025-11-03
Tim Moore,HY,2025-11-05
Tim Moore,HY,2025-11-12
Tim Moore,HY,2025-11-14
Tim Moore,HY,2025-11-20
Tim Moore,HY,2025-12-31
Tim Moore,HY,2026-03-16
Tim Moore,MSTY,2025-08-11
Tim Moore,MSTY,2025-08-20
Tim Moore,VZ,2025-10-31
Tim Moore,VZ,2025-11-05
Tim Moore,VZ,2025-12-10
Tim Moore,GNPX,2025-10-29
Tim Moore,GNPX,2025-11-07
Tim Moore,GNPX,2025-12-18
Tim Moore,GNPX,2026-02-05
Tim Moore,LGIH,2025-11-04
Tim Moore,CBRL,2025-12-31
Tim Moore,COIN,2026-03-16
Jonathan Jackson,TMUS,2025-04-23
Jonathan Jackson,MCK,2025-03-24
Jonathan Jackson,MCK,2025-04-23
Jonathan Jackson,META,2025-04-23
Jonathan Jackson,KKR,2025-03-24
Jonathan Jackson,GS,2025-03-24
Jonathan Jackson,CHD,2025-04-23
Jonathan Jackson,AMZN,2026-02-05
Jonathan Jackson,AMZN,2026-02-05
Jonathan Jackson,WMB,2025-03-24
Jonathan Jackson,HOOD,2026-03-16
Jonathan Jackson,STT,2025-11-11
Jonathan Jackson,THC,2026-03-16
Jonathan Jackson,WMT,2026-01-13
Jonathan Jackson,JPM,2026-01-20
Jonathan Jackson,VSAT,2026-01-22
Jonathan Jackson,GEV,2026-01-30
Jonathan Jackson,C,2026-01-30
Jonathan Jackson,C,2026-02-04
Jonathan Jackson,C,2026-02-04
Jonathan Jackson,C,2026-02-05
Jonathan Jackson,C,2026-02-05
Jonathan Jackson,C,2026-02-11
Jonathan Jackson,C,2026-02-11
Jonathan Jackson,WELL,2026-02-11
Jonathan Jackson,WELL,2026-02-11
Jonathan Jackson,BK,2026-02-17
Jonathan Jackson,BK,2026-02-17
Jonathan Jackson,BK,2026-02-17
Jonathan Jackson,BK,2026-02-17
Jefferson Shreve,AMD,2025-05-08
Jefferson Shreve,CBOE,2025-03-13
Jefferson Shreve,CBOE,2025-04-07
Jefferson Shreve,MCD,2025-04-11
Jefferson Shreve,COP,2025-04-11
Jefferson Shreve,HIW,2025-03-13
Jefferson Shreve,AMAT,2025-04-17
Jefferson Shreve,TXN,2025-04-07
Jefferson Shreve,PRU,2025-12-29
Jefferson Shreve,IDXX,2025-04-07
Jefferson Shreve,JPM,2025-12-30
Jefferson Shreve,AKAM,2025-04-07
Jefferson Shreve,UNH,2025-04-07
Jefferson Shreve,RPD,2025-04-07
Jefferson Shreve,BMO,2025-11-13
Jefferson Shreve,PUK,2025-12-29
John Boozman,TBLL,2026-01-23
John Boozman,FTGC,2025-10-03
John Boozman,FTGC,2026-01-23
John Boozman,AVGO,2025-04-08
John Boozman,AVGO,2025-05-13
John Boozman,AVGO,2025-06-11
John Boozman,SHY,2026-03-16
John Boozman,META,2025-04-15
John Boozman,META,2025-05-16
John Boozman,META,2025-05-30
John Boozman,META,2025-10-31
John Boozman,META,2025-11-13
John Boozman,MSFT,2025-04-16
John Boozman,MSFT,2025-04-22
John Boozman,MSFT,2025-12-17
John Boozman,MSFT,2026-02-13
John Boozman,NVDA,2025-05-13
John Boozman,NVDA,2025-08-22
John Boozman,HD,2025-05-16
John Boozman,HD,2025-05-20
John Boozman,AMZN,2025-05-16
John Boozman,AMZN,2025-11-13
John Boozman,GOOGL,2025-05-20
John Boozman,GOOGL,2026-03-16
John Boozman,ATO,2025-05-20
John Boozman,RTX,2025-05-30
John Boozman,GIGB,2026-01-23
John Boozman,GIGB,2026-02-06
John Boozman,BRK/B,2025-07-24
John Boozman,GE,2025-07-31
John Boozman,WMT,2025-07-31
John Boozman,IVV,2026-01-23
John Boozman,GEM,2026-01-23
John Boozman,VNQI,2026-01-23
John Boozman,WWSYX,2025-08-01
John Boozman,MBB,2026-01-23
John Boozman,IEI,2025-08-01
John Boozman,IEI,2026-03-16
John Boozman,TLH,2025-08-01
John Boozman,TLH,2026-02-06
John Boozman,IEF,2025-08-01
John Boozman,IEF,2026-02-06
John Boozman,IEF,2026-03-16
John Boozman,JMBS,2026-01-23
John Boozman,RNWGX,2025-08-01
John Boozman,RNWGX,2025-08-07
John Boozman,RNWGX,2025-08-14
John Boozman,RNWGX,2026-01-23
John Boozman,SCHP,2025-08-01
John Boozman,SCHP,2026-03-16
John Boozman,CMBS,2025-11-21
John Boozman,CMBS,2026-01-23
John Boozman,CMBS,2026-02-06
John Boozman,AMD,2025-08-07
John Boozman,LLY,2025-08-22
John Boozman,EIPI,2026-01-23
John Boozman,COST,2025-10-09
John Boozman,TPYP,2026-01-23
John Boozman,VWO,2025-11-06
John Boozman,ANET,2025-11-13
John Boozman,ANET,2025-12-11
John Boozman,WHGSX,2025-11-20
John Boozman,PYPL,2025-11-21
John Boozman,PYPL,2026-01-29
John Boozman,WFC,2025-12-17
John Boozman,AAPL,2025-12-17
John Boozman,AAPL,2026-01-15
John Boozman,IJR,2025-12-26
John Boozman,NFLX,2026-01-08
John Boozman,XOM,2026-01-08
John Boozman,DIS,2026-01-08
John Boozman,V,2026-01-15
John Boozman,DXCM,2026-01-26
John Boozman,ETN,2026-01-29
John Boozman,ETN,2026-03-16
John Boozman,CAT,2026-01-29
John Boozman,CVS,2026-01-29
John Boozman,EMB,2026-02-06
John Boozman,UBER,2026-02-06
John Boozman,XTWO,2026-02-06
John Boozman,ADBE,2026-03-16
John Boozman,KR,2026-02-26
John Boozman,NTAP,2026-02-27
Byron Donalds,TTD,2026-02-10
Byron Donalds,PGR,2025-10-09
Byron Donalds,PGR,2025-10-24
Byron Donalds,CMG,2025-10-09
Byron Donalds,ADSK,2025-03-20
Byron Donalds,ANET,2025-03-20
Byron Donalds,BRO,2025-10-24
Byron Donalds,AVGO,2025-03-20
Byron Donalds,AMZN,2025-03-20
Byron Donalds,TW,2025-10-09
Byron Donalds,V,2025-04-10
Byron Donalds,V,2025-10-24
Byron Donalds,APH,2025-04-10
Byron Donalds,LRCX,2025-08-07
Byron Donalds,CCL,2025-10-09
Byron Donalds,FIX,2025-12-04
Byron Donalds,$BTC,2025-12-18
Byron Donalds,$BTC,2026-01-08
Byron Donalds,NOW,2026-02-10
Byron Donalds,IDXX,2026-03-16
Thomas Kean Jr,NVT,2025-03-07
Thomas Kean Jr,NVT,2025-04-01
Thomas Kean Jr,NVT,2025-04-01
Thomas Kean Jr,ILMN,2025-04-01
Thomas Kean Jr,ILMN,2025-04-01
Thomas Kean Jr,CP,2025-04-10
Thomas Kean Jr,CP,2025-08-22
Thomas Kean Jr,FCNCA,2025-04-10
Thomas Kean Jr,FCNCA,2025-04-11
Thomas Kean Jr,AMZN,2025-04-24
Thomas Kean Jr,AMZN,2025-05-08
Thomas Kean Jr,ADI,2025-04-24
Thomas Kean Jr,PLD,2025-04-24
Thomas Kean Jr,PLD,2025-06-30
Thomas Kean Jr,TMO,2025-05-05
Thomas Kean Jr,BDX,2025-05-13
Thomas Kean Jr,AON,2025-05-27
Thomas Kean Jr,DHR,2025-06-11
Thomas Kean Jr,DHR,2026-03-16
Thomas Kean Jr,ABT,2025-07-21
Thomas Kean Jr,ABT,2026-01-29
Thomas Kean Jr,CHKP,2025-07-29
Thomas Kean Jr,CHKP,2025-08-04
Thomas Kean Jr,AMCR,2025-08-15
Thomas Kean Jr,TXN,2025-11-26
Thomas Kean Jr,FNV,2026-03-16
Thomas Kean Jr,ICE,2026-03-16
Carol Miller,LMT,2025-03-10
Carol Miller,HON,2025-03-10
Carol Miller,PEP,2025-03-10
Carol Miller,ITW,2025-03-10
Carol Miller,GILD,2025-03-10
Carol Miller,CME,2025-03-10
Carol Miller,AWK,2025-03-10
Carol Miller,HSY,2025-03-10
Carol Miller,AFL,2025-03-10
Sheri Biggs,BNS,2025-03-19
Sheri Biggs,BNS,2025-03-26
Sheri Biggs,BNS,2025-05-27
Sheri Biggs,BNS,2025-12-31
Sheri Biggs,RNB,2025-03-27
Sheri Biggs,IBIT,2025-07-09
Sheri Biggs,BNPQY,2025-12-31
Kelly Morrison,AVGO,2025-03-21
Kelly Morrison,AVGO,2025-04-11
Kelly Morrison,AVGO,2025-04-11
Kelly Morrison,META,2025-03-24
Kelly Morrison,META,2025-03-24
Kelly Morrison,META,2025-04-11
Kelly Morrison,META,2025-04-11
Ashley Moody,NVDA,2025-03-21
Ashley Moody,ET,2025-04-04
Ashley Moody,JPM,2025-04-04
Ashley Moody,ARCC,2025-04-04
Ashley Moody,HWM,2025-04-04
Dave McCormick,BITB,2025-03-24
Dave McCormick,BITB,2025-03-25
Dave McCormick,BITB,2025-03-27
Dave McCormick,BITB,2025-03-31
Dave McCormick,BITB,2025-04-02
Dave McCormick,BITB,2025-04-03
Dave McCormick,BITB,2025-04-07
Dave McCormick,BITB,2025-04-09
Dave McCormick,BITB,2025-11-24
Dave McCormick,BITB,2025-11-25
Dave McCormick,BITB,2025-11-26
Dave McCormick,BITB,2025-11-28
Rob Bresnahan,IBM,2025-03-26
Rob Bresnahan,TXN,2025-03-31
Rob Bresnahan,TXN,2025-04-11
Rob Bresnahan,TXN,2025-05-12
Rob Bresnahan,TXN,2025-05-15
Rob Bresnahan,TSLA,2025-04-08
Rob Bresnahan,TSLA,2025-05-12
Rob Bresnahan,TSLA,2025-05-16
Rob Bresnahan,TSLA,2025-05-23
Rob Bresnahan,TSLA,2025-06-05
Rob Bresnahan,AVGO,2025-06-11
Rob Bresnahan,INTU,2025-04-01
Rob Bresnahan,META,2025-05-13
Rob Bresnahan,MSFT,2025-04-03
Rob Bresnahan,MSFT,2025-04-08
Rob Bresnahan,MSFT,2025-04-08
Rob Bresnahan,MSFT,2025-05-09
Rob Bresnahan,HOOD,2025-05-09
Rob Bresnahan,HOOD,2025-05-13
Rob Bresnahan,OKTA,2025-04-08
Rob Bresnahan,OKTA,2025-05-09
Rob Bresnahan,PYPL,2025-04-08
Rob Bresnahan,WAT,2025-05-15
Rob Bresnahan,PCAR,2025-04-08
Rob Bresnahan,ODFL,2025-04-08
Rob Bresnahan,REGN,2025-05-15
Rob Bresnahan,PLTR,2025-04-08
Rob Bresnahan,WDAY,2025-04-08
Rob Bresnahan,V,2025-04-08
Rob Bresnahan,VZ,2025-04-08
Rob Bresnahan,URI,2025-04-08
Rob Bresnahan,UPS,2025-04-08
Rob Bresnahan,RCL,2025-04-08
Rob Bresnahan,UNP,2025-04-08
Rob Bresnahan,TPL,2025-04-08
Rob Bresnahan,TDY,2025-04-08
Rob Bresnahan,TEL,2025-04-08
Rob Bresnahan,TTWO,2025-04-08
Rob Bresnahan,SPGI,2025-04-08
Rob Bresnahan,MDT,2025-05-15
Rob Bresnahan,MTD,2025-05-15
Rob Bresnahan,OXY,2025-05-15
Rob Bresnahan,PFE,2025-05-15
Rob Bresnahan,HSY,2025-05-15
Rob Bresnahan,KHC,2025-05-15
Rob Bresnahan,TMO,2025-05-15
Rob Bresnahan,VLO,2025-05-15
Rob Bresnahan,ZTS,2025-05-15
Rob Bresnahan,IDXX,2025-05-15
Rob Bresnahan,GIS,2025-05-15
Rob Bresnahan,AMD,2025-05-15
Rob Bresnahan,A,2025-05-15
Rob Bresnahan,AMCR,2025-05-15
Rob Bresnahan,BDX,2025-05-15
Rob Bresnahan,DXCM,2025-05-15
Rob Bresnahan,EOG,2025-05-15
Rob Bresnahan,GEHC,2025-05-15
Rob Bresnahan,NXPI,2025-04-08
Rob Bresnahan,MPC,2025-05-15
Rob Bresnahan,NKE,2025-04-08
Rob Bresnahan,ADBE,2025-04-08
Rob Bresnahan,ABBV,2025-05-15
Rob Bresnahan,AMT,2025-04-08
Rob Bresnahan,HSIC,2025-04-08
Rob Bresnahan,GDDY,2025-04-08
Rob Bresnahan,GM,2025-04-08
Rob Bresnahan,IR,2025-04-08
Rob Bresnahan,FTV,2025-04-08
Rob Bresnahan,EFX,2025-04-08
Rob Bresnahan,EQT,2025-04-08
Rob Bresnahan,F,2025-04-08
Rob Bresnahan,KEYS,2025-04-08
Rob Bresnahan,NEM,2025-04-08
Rob Bresnahan,MSCI,2025-04-08
Rob Bresnahan,MPWR,2025-04-08
Rob Bresnahan,MCHP,2025-04-08
Rob Bresnahan,LH,2025-05-15
Rob Bresnahan,EW,2025-04-08
Rob Bresnahan,DOV,2025-04-08
Rob Bresnahan,ES,2025-04-08
Rob Bresnahan,CDW,2025-04-08
Rob Bresnahan,DASH,2025-04-08
Rob Bresnahan,CAT,2025-05-15
Rob Bresnahan,ADI,2025-04-08
Rob Bresnahan,CHTR,2025-04-08
Rob Bresnahan,CAH,2025-04-08
Rob Bresnahan,BIIB,2025-05-15
Rob Bresnahan,ADM,2025-04-08
Rob Bresnahan,BR,2025-04-08
Rob Bresnahan,CMCSA,2025-04-08
Rob Bresnahan,DVN,2025-04-08
Rob Bresnahan,DAL,2025-04-08
Rob Bresnahan,DELL,2025-04-08
Rob Bresnahan,SRE,2025-04-08
Rob Bresnahan,DRI,2025-04-08
Rob Bresnahan,CME,2025-04-08
Rob Bresnahan,CXDO,2025-04-08
Rob Bresnahan,DHI,2025-04-08
Rob Bresnahan,STZ,2025-04-08
Rob Bresnahan,COP,2025-05-15
Rob Bresnahan,APH,2025-04-08
Rob Bresnahan,GLW,2025-04-08
Rob Bresnahan,NVDA,2025-04-11
Rob Bresnahan,NVDA,2025-05-09
Rob Bresnahan,NVDA,2025-05-12
Rob Bresnahan,NVDA,2025-05-13
Rob Bresnahan,NVDA,2025-05-16
Rob Bresnahan,NVDA,2025-05-23
Rob Bresnahan,NVDA,2025-05-29
Rob Bresnahan,IWM,2026-03-16
Rob Bresnahan,QQQ,2026-03-16
Rob Bresnahan,TTD,2025-05-09
Rob Bresnahan,TEM,2025-05-09
Rob Bresnahan,MOH,2025-05-15
Rob Bresnahan,LYB,2025-05-15
Rob Bresnahan,LMT,2025-05-15
Rob Bresnahan,JPM,2025-05-15
Rob Bresnahan,APD,2025-05-15
Rob Bresnahan,BAX,2025-05-15
Rob Bresnahan,DOW,2025-05-15
Rob Bresnahan,VEEV,2025-05-29
Rob Bresnahan,SNOW,2025-05-23
Rob Bresnahan,SPOT,2025-06-05
Rob Bresnahan,APP,2025-06-06
Rob Bresnahan,TTAN,2025-06-11
Rob Bresnahan,BRK/B,2025-11-19
Rob Bresnahan,BRK/B,2025-11-19
Rob Bresnahan,BRK/B,2025-11-19
Rob Bresnahan,SPY,2025-11-19
Rob Bresnahan,SPY,2025-11-19
Rob Bresnahan,SPY,2026-03-16
Rob Bresnahan,COIN,2025-06-24
Rob Bresnahan,CRCL,2025-06-24
Hal Rogers,IUSG,2025-03-27
April McClain Delaney,MKL,2025-04-09
April McClain Delaney,MKL,2025-04-24
April McClain Delaney,MKL,2025-05-07
April McClain Delaney,MKL,2025-05-13
April McClain Delaney,MKL,2025-05-27
April McClain Delaney,MKL,2025-06-06
April McClain Delaney,MKL,2025-07-09
April McClain Delaney,MKL,2025-07-25
April McClain Delaney,MKL,2025-08-01
April McClain Delaney,MKL,2025-08-07
April McClain Delaney,MKL,2025-08-21
April McClain Delaney,MKL,2025-11-03
April McClain Delaney,PAYX,2025-07-23
April McClain Delaney,PAYX,2025-10-01
April McClain Delaney,TSCO,2025-05-05
April McClain Delaney,TSCO,2025-05-13
April McClain Delaney,TSCO,2025-05-27
April McClain Delaney,TSCO,2025-06-06
April McClain Delaney,TSCO,2025-10-31
April McClain Delaney,TSCO,2025-12-02
April McClain Delaney,TSCO,2025-12-12
April McClain Delaney,TSCO,2026-02-10
April McClain Delaney,CLH,2025-12-03
April McClain Delaney,CLH,2026-02-23
April McClain Delaney,STE,2026-02-06
April McClain Delaney,STE,2026-03-16
April McClain Delaney,BRO,2025-10-31
April McClain Delaney,BRO,2025-11-20
April McClain Delaney,BRO,2025-12-05
April McClain Delaney,BRO,2025-12-12
April McClain Delaney,BRO,2026-02-06
April McClain Delaney,BRO,2026-02-06
April McClain Delaney,BRO,2026-03-16
April McClain Delaney,MLM,2025-12-02
April McClain Delaney,JLL,2026-03-16
April McClain Delaney,NDAQ,2025-10-09
April McClain Delaney,NDAQ,2025-10-22
April McClain Delaney,NDAQ,2026-02-27
April McClain Delaney,NDAQ,2026-03-16
April McClain Delaney,LH,2025-10-29
April McClain Delaney,LH,2025-10-31
April McClain Delaney,LH,2025-11-17
April McClain Delaney,LH,2026-01-28
April McClain Delaney,LH,2026-02-04
April McClain Delaney,LH,2026-02-11
April McClain Delaney,EME,2026-02-04
April McClain Delaney,EME,2026-02-27
April McClain Delaney,LYV,2025-12-02
April McClain Delaney,CHRW,2026-02-05
April McClain Delaney,CHRW,2026-02-06
April McClain Delaney,CHRW,2026-02-06
April McClain Delaney,CHRW,2026-02-09
April McClain Delaney,CHRW,2026-02-13
April McClain Delaney,CHRW,2026-02-13
April McClain Delaney,ROL,2026-02-13
April McClain Delaney,ROL,2026-02-18
April McClain Delaney,ROL,2026-02-20
Josh Gottheimer,ABBV,2025-04-03
Josh Gottheimer,ABBV,2025-05-22
Josh Gottheimer,MSFT,2025-04-04
Josh Gottheimer,MSFT,2025-05-21
Josh Gottheimer,MSFT,2025-05-22
Josh Gottheimer,BABA,2025-04-04
Josh Gottheimer,SCHW,2025-04-07
Josh Gottheimer,NVDA,2025-06-24
Josh Gottheimer,TEL,2025-05-22
Josh Gottheimer,SSMXY,2026-03-16
Josh Gottheimer,GLW,2025-05-22
Josh Gottheimer,GLW,2025-05-28
Josh Gottheimer,INSM,2025-06-16
Josh Gottheimer,APP,2025-05-28
Josh Gottheimer,ASML,2025-05-22
Josh Gottheimer,TPH,2025-04-21
Josh Gottheimer,TLK,2025-04-21
Josh Gottheimer,DHI,2025-04-21
Josh Gottheimer,TTNDY,2025-04-21
Josh Gottheimer,RTX,2025-04-23
Josh Gottheimer,GILD,2026-01-27
Josh Gottheimer,TSLA,2025-05-16
Josh Gottheimer,TSLA,2025-05-27
Josh Gottheimer,TSLA,2025-05-29
Josh Gottheimer,CB,2025-06-13
Josh Gottheimer,NET,2025-06-20
Josh Gottheimer,CVNA,2025-06-20
Josh Gottheimer,AVGO,2025-06-25
Josh Gottheimer,IRT,2026-03-16
Josh Gottheimer,NTRA,2025-08-22
Josh Gottheimer,NTRA,2026-03-16
Josh Gottheimer,ICE,2026-01-26
Josh Gottheimer,NICE,2025-10-17
Josh Gottheimer,NTES,2025-10-17
Josh Gottheimer,CSWI,2025-11-17
Josh Gottheimer,MTHRY,2026-03-16
Josh Gottheimer,CVLT,2026-03-16
Josh Gottheimer,TNDM,2026-03-16
Lloyd Doggett,KO,2025-04-01
Lloyd Doggett,KO,2025-07-01
Lloyd Doggett,KO,2025-12-15
Lloyd Doggett,PG,2025-05-15
Lloyd Doggett,PG,2026-02-17
Lloyd Doggett,JNJ,2025-06-10
Lloyd Doggett,JNJ,2025-12-09
Lloyd Doggett,IBM,2025-06-10
Lloyd Doggett,IBM,2025-12-12
Lloyd Doggett,PPG,2025-06-12
Lloyd Doggett,PPG,2025-12-12
Lloyd Doggett,HD,2025-06-18
Lloyd Doggett,HD,2025-12-18
Victoria Spartz,SPG,2025-04-03
Mike Collins,$SKI,2025-05-05
Mike Collins,$SKI,2025-05-12
Mike Collins,$SKI,2025-06-20
Mike Collins,$SKI,2025-08-22
Mike Collins,$ETH,2025-05-01
Mike Collins,$ETH,2025-07-08
Mike Collins,$ETH,2025-08-07
Mike Collins,$GRT,2025-05-09
Mike Collins,$SUI,2025-06-03
Dwight Evans,AMZN,2025-04-03
Dwight Evans,NVDA,2025-04-03
Dwight Evans,NVDA,2025-11-21
Dwight Evans,IBM,2025-04-03
Dwight Evans,INTC,2025-04-03
Sheldon Whitehouse,GH,2025-11-21
Sheldon Whitehouse,HSY,2025-11-21
Sheldon Whitehouse,KO,2025-11-21
Gil Cisneros,MSGE,2025-04-04
Gil Cisneros,MSGE,2025-04-08
Gil Cisneros,RNMBY,2025-10-21
Gil Cisneros,RNMBY,2025-11-19
Gil Cisneros,RNMBY,2026-02-03
Gil Cisneros,ARMK,2025-04-14
Gil Cisneros,ARMK,2025-12-10
Gil Cisneros,FERG,2025-04-14
Gil Cisneros,PCVX,2025-04-14
Gil Cisneros,PCVX,2025-04-15
Gil Cisneros,PCVX,2025-04-28
Gil Cisneros,IR,2025-04-14
Gil Cisneros,IR,2025-05-13
Gil Cisneros,ALKT,2025-04-17
Gil Cisneros,ALKT,2025-04-30
Gil Cisneros,ALKT,2025-11-13
Gil Cisneros,AGIO,2025-04-17
Gil Cisneros,AGIO,2025-12-11
Gil Cisneros,PTC,2025-04-28
Gil Cisneros,PTC,2025-05-13
Gil Cisneros,PTC,2025-05-28
Gil Cisneros,PTC,2025-06-11
Gil Cisneros,PTC,2025-07-09
Gil Cisneros,PTC,2026-01-28
Gil Cisneros,PTC,2026-03-16
Gil Cisneros,BSX,2025-11-18
Gil Cisneros,BSX,2026-01-30
Gil Cisneros,BSX,2026-02-10
Gil Cisneros,ELV,2025-08-05
Gil Cisneros,MSFT,2025-10-09
Gil Cisneros,MSFT,2025-11-12
Gil Cisneros,MSFT,2025-11-18
Gil Cisneros,LMT,2025-11-18
Gil Cisneros,MRK,2025-08-05
Gil Cisneros,MRK,2025-11-18
Gil Cisneros,MRK,2025-12-19
Gil Cisneros,UPS,2025-11-18
Gil Cisneros,UPS,2026-01-09
Gil Cisneros,JNJ,2025-05-30
Gil Cisneros,PFE,2025-11-18
Gil Cisneros,PFE,2026-02-10
Gil Cisneros,AMZN,2025-11-18
Gil Cisneros,AMZN,2026-01-30
Gil Cisneros,AMZN,2026-02-10
Gil Cisneros,UNH,2026-03-16
Gil Cisneros,CNC,2025-08-05
Gil Cisneros,DOW,2025-11-18
Gil Cisneros,CP,2025-11-12
Gil Cisneros,CP,2025-11-17
Gil Cisneros,CP,2025-12-10
Gil Cisneros,CP,2026-01-20
Gil Cisneros,BDRFY,2025-05-02
Gil Cisneros,SOI,2026-03-16
Gil Cisneros,ATRC,2025-05-06
Gil Cisneros,NEO,2025-05-07
Gil Cisneros,KKR,2025-10-17
Gil Cisneros,RSNHF,2025-11-10
Gil Cisneros,ENGIY,2025-05-09
Gil Cisneros,CDAY,2025-06-11
Gil Cisneros,CDAY,2025-07-31
Gil Cisneros,UTZ,2025-05-15
Gil Cisneros,FWRG,2025-05-15
Gil Cisneros,FWRG,2025-11-26
Gil Cisneros,USPH,2025-05-20
Gil Cisneros,NTDOY,2025-10-21
Gil Cisneros,NTDOY,2025-11-20
Gil Cisneros,RVTY,2025-05-28
Gil Cisneros,RVTY,2025-06-11
Gil Cisneros,RVTY,2025-07-23
Gil Cisneros,RVTY,2025-08-13
Gil Cisneros,RVTY,2026-03-16
Gil Cisneros,COP,2026-02-10
Gil Cisneros,BA,2025-12-19
Gil Cisneros,LLY,2025-11-18
Gil Cisneros,LHX,2025-05-30
Gil Cisneros,CDRE,2025-06-11
Gil Cisneros,SBCF,2025-06-16
Gil Cisneros,VCYT,2026-02-18
Gil Cisneros,SKY,2025-06-16
Gil Cisneros,SKY,2026-02-23
Gil Cisneros,NXPI,2025-06-25
Gil Cisneros,NXPI,2025-10-17
Gil Cisneros,NXPI,2025-11-18
Gil Cisneros,CSGP,2025-06-25
Gil Cisneros,CSGP,2025-06-27
Gil Cisneros,CSGP,2025-06-30
Gil Cisneros,CSGP,2025-07-09
Gil Cisneros,CSGP,2025-07-31
Gil Cisneros,CSGP,2025-10-15
Gil Cisneros,CSGP,2025-12-10
Gil Cisneros,CSGP,2026-01-28
Gil Cisneros,CSGP,2026-03-16
Gil Cisneros,XIACF,2025-11-19
Gil Cisneros,XIACF,2026-02-03
Gil Cisneros,ASML,2026-01-30
Gil Cisneros,APP,2025-10-17
Gil Cisneros,APP,2025-11-18
Gil Cisneros,APP,2025-12-19
Gil Cisneros,LUV,2026-03-16
Gil Cisneros,SMNEY,2025-07-03
Gil Cisneros,SMNEY,2025-10-21
Gil Cisneros,SMNEY,2025-11-19
Gil Cisneros,GPORQ,2025-07-18
Gil Cisneros,HOOD,2025-11-18
Gil Cisneros,HOOD,2026-01-30
Gil Cisneros,RARE,2025-07-15
Gil Cisneros,RARE,2025-08-08
Gil Cisneros,RARE,2026-02-18
Gil Cisneros,HAL,2026-03-16
Gil Cisneros,TAP,2025-11-18
Gil Cisneros,OXY,2026-02-10
Gil Cisneros,TSLA,2025-08-05
Gil Cisneros,TSLA,2025-10-17
Gil Cisneros,TSLA,2025-11-18
Gil Cisneros,TSLA,2026-01-09
Gil Cisneros,CI,2025-12-19
Gil Cisneros,ZTS,2025-11-18
Gil Cisneros,ZTS,2025-12-19
Gil Cisneros,ZTS,2026-02-10
Gil Cisneros,CHRW,2025-08-05
Gil Cisneros,CMCSA,2026-01-09
Gil Cisneros,MSTR,2025-08-06
Gil Cisneros,LB,2025-08-06
Gil Cisneros,LB,2025-11-20
Gil Cisneros,LB,2025-11-21
Gil Cisneros,BRK/B,2025-11-18
Gil Cisneros,HESAY,2025-10-21
Gil Cisneros,HESAY,2025-11-19
Gil Cisneros,HESAY,2026-02-03
Gil Cisneros,MUFG,2025-08-08
Gil Cisneros,MUFG,2025-10-21
Gil Cisneros,MUFG,2025-11-20
Gil Cisneros,MUFG,2025-12-19
Gil Cisneros,BBIO,2025-08-08
Gil Cisneros,BBIO,2026-03-16
Gil Cisneros,WAT,2025-08-12
Gil Cisneros,WAT,2025-08-13
Gil Cisneros,WAT,2025-08-26
Gil Cisneros,WAT,2026-03-16
Gil Cisneros,CVLT,2025-08-15
Gil Cisneros,CVLT,2025-10-03
Gil Cisneros,CVLT,2025-11-03
Gil Cisneros,SMTC,2025-08-26
Gil Cisneros,SMTC,2026-01-20
Gil Cisneros,SMTC,2026-03-16
Gil Cisneros,APG,2025-08-26
Gil Cisneros,APG,2025-10-07
Gil Cisneros,APG,2025-10-15
Gil Cisneros,APG,2026-03-16
Gil Cisneros,SARO,2025-10-01
Gil Cisneros,SARO,2025-10-02
Gil Cisneros,SARO,2025-10-07
Gil Cisneros,SARO,2025-10-14
Gil Cisneros,SARO,2025-11-17
Gil Cisneros,SARO,2025-12-10
Gil Cisneros,SARO,2026-03-16
Gil Cisneros,NFLX,2025-11-18
Gil Cisneros,WDAY,2025-10-07
Gil Cisneros,WDAY,2025-10-14
Gil Cisneros,WDAY,2025-10-15
Gil Cisneros,WDAY,2025-12-10
Gil Cisneros,WDAY,2026-01-28
Gil Cisneros,WDAY,2026-03-16
Gil Cisneros,PHR,2025-10-09
Gil Cisneros,PLTR,2025-10-09
Gil Cisneros,PLTR,2025-11-07
Gil Cisneros,PLTR,2025-11-18
Gil Cisneros,PLTR,2026-01-09
Gil Cisneros,SUPN,2025-12-11
Gil Cisneros,BMY,2025-11-12
Gil Cisneros,BMY,2025-12-19
Gil Cisneros,AZTA,2025-10-09
Gil Cisneros,AZTA,2026-01-15
Gil Cisneros,COIN,2026-01-30
Gil Cisneros,BABA,2025-10-17
Gil Cisneros,BABA,2025-10-21
Gil Cisneros,BABA,2025-11-19
Gil Cisneros,BABA,2025-11-19
Gil Cisneros,BABA,2026-02-03
Gil Cisneros,BABA,2026-02-09
Gil Cisneros,ETN,2025-11-18
Gil Cisneros,ETN,2026-01-30
Gil Cisneros,ANET,2025-11-18
Gil Cisneros,ANET,2026-01-30
Gil Cisneros,TDG,2025-11-18
Gil Cisneros,TDG,2026-01-30
Gil Cisneros,MS,2025-10-17
Gil Cisneros,MS,2025-11-18
Gil Cisneros,UBER,2025-11-18
Gil Cisneros,UBER,2025-12-19
Gil Cisneros,TSM,2025-11-18
Gil Cisneros,TSM,2026-01-30
Gil Cisneros,TSM,2026-02-09
Gil Cisneros,TSM,2026-02-26
Gil Cisneros,VRT,2025-11-18
Gil Cisneros,VRT,2026-01-30
Gil Cisneros,WMT,2025-10-17
Gil Cisneros,WMT,2025-11-18
Gil Cisneros,WPM,2025-10-17
Gil Cisneros,WPM,2025-11-18
Gil Cisneros,WPM,2026-01-27
Gil Cisneros,WPM,2026-03-16
Gil Cisneros,HD,2025-11-18
Gil Cisneros,HD,2026-01-30
Gil Cisneros,HD,2026-03-16
Gil Cisneros,SYK,2025-10-17
Gil Cisneros,SYK,2025-11-18
Gil Cisneros,SYK,2025-12-10
Gil Cisneros,FCX,2025-10-17
Gil Cisneros,FCX,2025-11-18
Gil Cisneros,JPM,2025-10-17
Gil Cisneros,JPM,2025-11-18
Gil Cisneros,MA,2025-10-17
Gil Cisneros,MA,2025-11-18
Gil Cisneros,MELI,2025-11-18
Gil Cisneros,MELI,2026-01-30
Gil Cisneros,META,2025-11-18
Gil Cisneros,META,2026-01-30
Gil Cisneros,MDB,2025-10-17
Gil Cisneros,MDB,2025-11-18
Gil Cisneros,MDB,2026-03-16
Gil Cisneros,NET,2025-11-18
Gil Cisneros,NET,2026-01-30
Gil Cisneros,NET,2026-03-16
Gil Cisneros,CVX,2026-02-10
Gil Cisneros,BE,2025-11-18
Gil Cisneros,BE,2026-01-30
Gil Cisneros,BE,2026-03-16
Gil Cisneros,PWR,2026-01-30
Gil Cisneros,PWR,2026-03-16
Gil Cisneros,GOOGL,2025-11-18
Gil Cisneros,AAPL,2025-10-17
Gil Cisneros,AAPL,2025-11-18
Gil Cisneros,COST,2026-01-30
Gil Cisneros,CAT,2025-10-17
Gil Cisneros,CAT,2025-11-18
Gil Cisneros,AVGO,2025-10-17
Gil Cisneros,AVGO,2025-11-18
Gil Cisneros,AVGO,2025-12-17
Gil Cisneros,NVDA,2026-01-30
Gil Cisneros,TCEHY,2025-11-20
Gil Cisneros,TCEHY,2026-02-03
Gil Cisneros,UNCRY,2025-10-21
Gil Cisneros,UNCRY,2025-11-19
Gil Cisneros,UNCRY,2026-03-16
Gil Cisneros,IBDRY,2025-10-21
Gil Cisneros,IBDRY,2025-11-19
Gil Cisneros,MHVIY,2025-11-20
Gil Cisneros,MHVIY,2026-02-03
Gil Cisneros,MHVIY,2026-02-13
Gil Cisneros,MHVIY,2026-03-16
Gil Cisneros,ALIZY,2025-10-21
Gil Cisneros,ALIZY,2025-11-19
Gil Cisneros,BCS,2025-10-21
Gil Cisneros,BCS,2025-11-19
Gil Cisneros,AZN,2025-10-21
Gil Cisneros,AZN,2025-11-19
Gil Cisneros,AZN,2025-12-18
Gil Cisneros,RACE,2025-11-19
Gil Cisneros,AJINY,2026-02-03
Gil Cisneros,AJINY,2026-03-16
Gil Cisneros,DBSDY,2025-10-22
Gil Cisneros,DBSDY,2025-11-20
Gil Cisneros,EPAC,2025-10-30
Gil Cisneros,EPAC,2026-01-27
Gil Cisneros,CNS,2025-10-30
Gil Cisneros,ITT,2025-12-11
Gil Cisneros,CSWI,2025-11-06
Gil Cisneros,CSWI,2025-11-18
Gil Cisneros,CSWI,2026-01-15
Gil Cisneros,RBLX,2025-11-18
Gil Cisneros,CLX,2025-12-19
Gil Cisneros,DD,2026-01-09
Gil Cisneros,IBM,2025-11-18
Gil Cisneros,IBM,2025-12-19
Gil Cisneros,TRGP,2025-11-18
Gil Cisneros,TRGP,2025-12-19
Gil Cisneros,TRGP,2026-02-10
Gil Cisneros,SMCI,2026-03-16
Gil Cisneros,JKHY,2025-11-12
Gil Cisneros,JKHY,2025-11-18
Gil Cisneros,KVUE,2026-02-10
Gil Cisneros,LULU,2025-11-12
Gil Cisneros,FISV,2025-11-12
Gil Cisneros,FISV,2025-11-18
Gil Cisneros,FISV,2025-12-19
Gil Cisneros,NOVT,2025-11-13
Gil Cisneros,BCRX,2025-11-13
Gil Cisneros,DASH,2025-11-17
Gil Cisneros,DASH,2025-11-18
Gil Cisneros,DASH,2025-12-10
Gil Cisneros,DASH,2025-12-19
Gil Cisneros,DASH,2026-01-06
Gil Cisneros,DASH,2026-01-20
Gil Cisneros,DASH,2026-01-28
Gil Cisneros,DASH,2026-02-10
Gil Cisneros,AMD,2026-02-10
Gil Cisneros,MTB,2025-11-18
Gil Cisneros,ISRG,2025-11-18
Gil Cisneros,ISRG,2025-12-10
Gil Cisneros,ISRG,2026-01-30
Gil Cisneros,FDS,2025-11-18
Gil Cisneros,APO,2025-11-18
Gil Cisneros,DECK,2025-11-18
Gil Cisneros,RE,2026-01-09
Gil Cisneros,BKNG,2025-12-19
Gil Cisneros,SQ,2025-12-19
Gil Cisneros,AZO,2026-01-30
Gil Cisneros,EXE,2026-02-10
Gil Cisneros,FIS,2025-12-19
Gil Cisneros,IFF,2025-11-18
Gil Cisneros,INTC,2025-11-18
Gil Cisneros,INTC,2026-01-09
Gil Cisneros,STZ,2025-11-18
Gil Cisneros,STZ,2025-12-19
Gil Cisneros,IP,2025-11-18
Gil Cisneros,GEV,2025-11-18
Gil Cisneros,GEV,2025-12-19
Gil Cisneros,GEV,2026-01-09
Gil Cisneros,CTRA,2026-02-10
Gil Cisneros,HON,2025-11-18
Gil Cisneros,CPB,2025-12-30
Gil Cisneros,VRSK,2026-02-10
Gil Cisneros,VTRS,2025-11-18
Gil Cisneros,WFC,2025-11-18
Gil Cisneros,WBD,2026-01-09
Gil Cisneros,OKE,2026-02-10
Gil Cisneros,REGN,2025-11-18
Gil Cisneros,SMFKY,2025-11-18
Gil Cisneros,LGN,2025-11-24
Gil Cisneros,LGN,2026-01-15
Gil Cisneros,WWE,2025-11-26
Gil Cisneros,LPLA,2025-12-10
Gil Cisneros,SCHW,2026-01-09
Gil Cisneros,COO,2025-12-10
Gil Cisneros,VICI,2025-12-19
Gil Cisneros,VICI,2026-01-09
Gil Cisneros,VRSN,2025-12-19
Gil Cisneros,VRSN,2026-02-10
Gil Cisneros,LIN,2025-12-19
Gil Cisneros,LIN,2026-01-09
Gil Cisneros,FBK,2026-01-05
Gil Cisneros,FBK,2026-01-15
Gil Cisneros,SHAK,2026-01-05
Gil Cisneros,LGND,2026-01-05
Gil Cisneros,LGND,2026-01-15
Gil Cisneros,RTX,2026-01-09
Gil Cisneros,KEY,2026-01-09
Gil Cisneros,SNDK,2026-01-09
Gil Cisneros,REG,2026-01-09
Gil Cisneros,STLD,2026-01-09
Gil Cisneros,MOS,2026-01-09
Gil Cisneros,LYB,2026-01-09
Gil Cisneros,XOM,2026-02-10
Gil Cisneros,EOG,2026-02-10
Gil Cisneros,CME,2026-01-09
Gil Cisneros,CSCO,2026-01-09
Gil Cisneros,CB,2026-01-09
Gil Cisneros,CF,2026-01-09
Gil Cisneros,FDX,2026-01-09
Gil Cisneros,WMB,2026-02-10
Gil Cisneros,HST,2026-01-09
Gil Cisneros,CATY,2026-01-15
Gil Cisneros,GBCI,2026-01-15
Gil Cisneros,IRT,2026-01-15
Gil Cisneros,NHI,2026-01-15
Gil Cisneros,RHP,2026-01-15
Gil Cisneros,AEIS,2026-01-20
Gil Cisneros,FNV,2026-01-27
Gil Cisneros,BIIB,2026-01-30
Gil Cisneros,SAN,2026-02-03
Gil Cisneros,FINMY,2026-02-03
Gil Cisneros,EQT,2026-02-10
Gil Cisneros,DPZ,2026-02-10
Gil Cisneros,ILMN,2026-02-10
Gil Cisneros,STE,2026-02-10
Gil Cisneros,MU,2026-02-24
Gil Cisneros,TEL,2026-02-12
Gil Cisneros,FSS,2026-03-02
Gil Cisneros,THR,2026-03-16
Gil Cisneros,AVNT,2026-03-16
Kevin Hern,GS,2025-04-24
Kevin Hern,RY,2025-10-10
Kevin Hern,RY,2025-10-10
Kevin Hern,RY,2026-01-07
Tony Wied,RH,2025-04-04
Tony Wied,TTD,2025-04-04
Tony Wied,TTD,2026-02-03
Tony Wied,TTD,2026-02-03
Tony Wied,ADBE,2025-04-30
Tony Wied,KNSL,2025-04-30
Tony Wied,NOW,2025-10-27
Tony Wied,NOW,2026-02-04
Tony Wied,NOW,2026-02-04
Tony Wied,HUBS,2025-10-27
Tony Wied,HUBS,2026-02-03
Tony Wied,HUBS,2026-02-03
Tony Wied,LCII,2025-10-27
Tony Wied,FIVE,2025-10-27
Tony Wied,DIS,2025-10-27
Tony Wied,MU,2026-02-19
Tony Wied,MU,2026-02-19
Tony Wied,V,2026-02-19
Tony Wied,V,2026-02-19
Tony Wied,LH,2026-02-19
Tony Wied,LH,2026-02-19
Tony Wied,SCHW,2026-02-19
Tony Wied,SCHW,2026-02-19
Jared Moskowitz,V,2025-04-07
Jared Moskowitz,TSCO,2025-04-07
Jared Moskowitz,SYK,2025-04-07
Jared Moskowitz,QCOM,2025-04-07
Jared Moskowitz,SO,2025-04-07
Jared Moskowitz,SO,2025-12-02
Jared Moskowitz,RPM,2025-04-07
Jared Moskowitz,TJX,2025-04-07
Jared Moskowitz,ACN,2025-04-07
Jared Moskowitz,ADI,2025-04-07
Jared Moskowitz,AMZN,2025-04-07
Jared Moskowitz,CAT,2025-04-07
Jared Moskowitz,ABBV,2025-04-07
Jared Moskowitz,GS,2025-10-10
Jared Moskowitz,GS,2025-10-10
Jared Moskowitz,HON,2025-04-07
Jared Moskowitz,ITW,2025-04-07
Jared Moskowitz,LIN,2025-04-07
Jared Moskowitz,LMT,2025-04-07
Jared Moskowitz,NVDA,2025-04-07
Jared Moskowitz,NVDA,2025-04-16
Jared Moskowitz,ORCL,2025-04-07
Jared Moskowitz,AMGN,2025-04-16
Jared Moskowitz,CI,2025-05-15
Jared Moskowitz,HCA,2025-05-15
Jared Moskowitz,CSCO,2025-10-10
Jared Moskowitz,CSCO,2025-10-10
Jared Moskowitz,DELL,2025-10-10
Jared Moskowitz,DELL,2025-10-10
Jared Moskowitz,TSM,2025-10-10
Jared Moskowitz,AXP,2025-10-10
Jared Moskowitz,AXP,2025-10-10
Jared Moskowitz,AVGO,2025-10-10
Jared Moskowitz,AVGO,2025-10-10
Jared Moskowitz,MCK,2025-10-10
Jared Moskowitz,MCK,2025-12-02
Jared Moskowitz,PEG,2025-12-02
Jared Moskowitz,ATO,2025-12-02
Marjorie Taylor Greene,FDX,2025-04-08
Marjorie Taylor Greene,FDX,2025-05-05
Marjorie Taylor Greene,FDX,2025-08-28
Marjorie Taylor Greene,JPM,2025-04-08
Marjorie Taylor Greene,JPM,2025-05-05
Marjorie Taylor Greene,BX,2025-04-08
Marjorie Taylor Greene,BX,2025-05-05
Marjorie Taylor Greene,BX,2025-05-14
Marjorie Taylor Greene,BX,2025-10-24
Marjorie Taylor Greene,NKE,2025-04-08
Marjorie Taylor Greene,PLTR,2025-04-08
Marjorie Taylor Greene,PLTR,2025-04-09
Marjorie Taylor Greene,PLTR,2025-07-15
Marjorie Taylor Greene,QCOM,2025-04-08
Marjorie Taylor Greene,QCOM,2025-05-05
Marjorie Taylor Greene,SCCO,2025-04-08
Marjorie Taylor Greene,TSLA,2025-04-08
Marjorie Taylor Greene,TSLA,2025-05-05
Marjorie Taylor Greene,TSLA,2025-05-14
Marjorie Taylor Greene,TSLA,2025-10-15
Marjorie Taylor Greene,AMZN,2025-04-08
Marjorie Taylor Greene,AMZN,2025-05-05
Marjorie Taylor Greene,AMZN,2025-10-09
Marjorie Taylor Greene,AMZN,2025-10-15
Marjorie Taylor Greene,AMZN,2025-10-24
Marjorie Taylor Greene,AMD,2025-04-08
Marjorie Taylor Greene,AMD,2025-04-09
Marjorie Taylor Greene,AMD,2025-05-05
Marjorie Taylor Greene,AMD,2025-05-14
Marjorie Taylor Greene,NVDA,2025-04-09
Marjorie Taylor Greene,NVDA,2025-05-05
Marjorie Taylor Greene,NVDA,2025-05-14
Marjorie Taylor Greene,MRK,2025-04-09
Marjorie Taylor Greene,MRK,2025-05-05
Marjorie Taylor Greene,MRK,2025-08-28
Marjorie Taylor Greene,DVN,2025-04-09
Marjorie Taylor Greene,DVN,2025-05-05
Marjorie Taylor Greene,CMI,2025-04-09
Marjorie Taylor Greene,CMI,2025-05-05
Marjorie Taylor Greene,ASML,2025-04-09
Marjorie Taylor Greene,ASML,2026-03-16
Marjorie Taylor Greene,AMAT,2025-04-09
Marjorie Taylor Greene,AMAT,2025-05-05
Marjorie Taylor Greene,AMAT,2025-06-06
Marjorie Taylor Greene,AAPL,2025-04-09
Marjorie Taylor Greene,AAPL,2025-05-05
Marjorie Taylor Greene,ADBE,2025-04-09
Marjorie Taylor Greene,ADBE,2025-05-05
Marjorie Taylor Greene,ADBE,2025-06-06
Marjorie Taylor Greene,ADBE,2025-10-15
Marjorie Taylor Greene,ADBE,2026-03-16
Marjorie Taylor Greene,MS,2025-05-05
Marjorie Taylor Greene,MS,2025-05-14
Marjorie Taylor Greene,MS,2025-08-28
Marjorie Taylor Greene,MS,2026-03-16
Marjorie Taylor Greene,MSFT,2025-05-05
Marjorie Taylor Greene,MSFT,2025-10-24
Marjorie Taylor Greene,META,2025-05-05
Marjorie Taylor Greene,META,2025-05-14
Marjorie Taylor Greene,MELI,2025-05-05
Marjorie Taylor Greene,MELI,2025-05-14
Marjorie Taylor Greene,MELI,2025-08-28
Marjorie Taylor Greene,MELI,2025-10-24
Marjorie Taylor Greene,KMI,2025-05-05
Marjorie Taylor Greene,KMI,2025-10-24
Marjorie Taylor Greene,PI,2025-05-05
Marjorie Taylor Greene,PI,2025-05-14
Marjorie Taylor Greene,INTC,2025-05-05
Marjorie Taylor Greene,NEE,2025-05-05
Marjorie Taylor Greene,NEE,2025-06-06
Marjorie Taylor Greene,HD,2025-05-05
Marjorie Taylor Greene,HD,2025-10-24
Marjorie Taylor Greene,GS,2025-05-05
Marjorie Taylor Greene,GS,2026-03-16
Marjorie Taylor Greene,GILD,2025-05-05
Marjorie Taylor Greene,GILD,2025-06-06
Marjorie Taylor Greene,FRO,2025-05-05
Marjorie Taylor Greene,JNJ,2025-05-05
Marjorie Taylor Greene,NSC,2025-05-05
Marjorie Taylor Greene,ODFL,2025-05-05
Marjorie Taylor Greene,OXY,2025-05-05
Marjorie Taylor Greene,OXY,2025-10-24
Marjorie Taylor Greene,WMT,2025-05-05
Marjorie Taylor Greene,V,2025-05-05
Marjorie Taylor Greene,VOO,2025-05-05
Marjorie Taylor Greene,UPS,2025-05-05
Marjorie Taylor Greene,UPS,2025-08-04
Marjorie Taylor Greene,UPS,2025-08-28
Marjorie Taylor Greene,UPS,2025-10-09
Marjorie Taylor Greene,HSY,2025-05-05
Marjorie Taylor Greene,HSY,2025-05-14
Marjorie Taylor Greene,SBUX,2025-05-05
Marjorie Taylor Greene,NOW,2025-05-05
Marjorie Taylor Greene,NOW,2025-05-14
Marjorie Taylor Greene,NOW,2025-06-06
Marjorie Taylor Greene,PAYX,2025-05-05
Marjorie Taylor Greene,PAYX,2025-11-12
Marjorie Taylor Greene,PANW,2025-05-05
Marjorie Taylor Greene,PANW,2025-10-24
Marjorie Taylor Greene,LLY,2025-05-05
Marjorie Taylor Greene,LLY,2025-05-14
Marjorie Taylor Greene,DUK,2025-05-05
Marjorie Taylor Greene,DUK,2026-03-16
Marjorie Taylor Greene,DLR,2025-05-05
Marjorie Taylor Greene,DLR,2026-03-16
Marjorie Taylor Greene,AXP,2025-05-05
Marjorie Taylor Greene,GOOGL,2025-05-05
Marjorie Taylor Greene,GOOGL,2025-05-14
Marjorie Taylor Greene,GOOGL,2025-08-28
Marjorie Taylor Greene,GOOGL,2026-03-16
Marjorie Taylor Greene,ABBV,2025-05-05
Marjorie Taylor Greene,ABBV,2025-08-04
Marjorie Taylor Greene,AMGN,2025-05-05
Marjorie Taylor Greene,AMGN,2025-05-14
Marjorie Taylor Greene,AMGN,2025-10-24
Marjorie Taylor Greene,AMGN,2026-03-16
Marjorie Taylor Greene,SCHW,2025-05-05
Marjorie Taylor Greene,GLW,2025-05-05
Marjorie Taylor Greene,GLW,2025-05-14
Marjorie Taylor Greene,CVX,2025-05-05
Marjorie Taylor Greene,CVX,2025-05-14
Marjorie Taylor Greene,CVX,2025-10-24
Marjorie Taylor Greene,CAT,2025-05-05
Marjorie Taylor Greene,DELL,2025-05-05
Marjorie Taylor Greene,CAH,2025-05-05
Marjorie Taylor Greene,CAH,2025-05-14
Marjorie Taylor Greene,CAH,2025-10-24
Marjorie Taylor Greene,AVGO,2025-05-05
Marjorie Taylor Greene,BP,2025-05-05
Marjorie Taylor Greene,BA,2025-05-05
Marjorie Taylor Greene,BHP,2025-05-05
Marjorie Taylor Greene,BRK/B,2025-05-05
Marjorie Taylor Greene,BRK/B,2025-10-24
Marjorie Taylor Greene,BAC,2025-05-05
Marjorie Taylor Greene,UNH,2025-05-14
Marjorie Taylor Greene,UNH,2025-05-16
Marjorie Taylor Greene,UNH,2025-08-04
Marjorie Taylor Greene,UNH,2025-08-28
Marjorie Taylor Greene,NFLX,2025-05-14
Marjorie Taylor Greene,NFLX,2025-06-06
Marjorie Taylor Greene,NFLX,2025-10-24
Marjorie Taylor Greene,DG,2025-05-14
Marjorie Taylor Greene,SNOW,2025-06-06
Marjorie Taylor Greene,SNOW,2025-06-17
Marjorie Taylor Greene,TSCO,2025-06-17
Marjorie Taylor Greene,PEP,2025-07-15
Marjorie Taylor Greene,PEP,2025-08-28
Marjorie Taylor Greene,FIG,2025-08-06
Marjorie Taylor Greene,NVO,2025-08-19
Marjorie Taylor Greene,NVO,2025-08-28
Marjorie Taylor Greene,NVO,2025-10-15
Marjorie Taylor Greene,EXC,2025-08-28
Marjorie Taylor Greene,EXC,2025-10-15
Marjorie Taylor Greene,SO,2025-08-28
Marjorie Taylor Greene,RHP,2025-08-28
Marjorie Taylor Greene,IBIT,2025-10-09
Marjorie Taylor Greene,IBIT,2025-10-15
Marjorie Taylor Greene,IBIT,2025-10-24
Marjorie Taylor Greene,IBIT,2025-11-21
Marjorie Taylor Greene,IBIT,2026-03-16
Marjorie Taylor Greene,XMEX,2025-10-15
Marjorie Taylor Greene,PG,2025-11-06
Marjorie Taylor Greene,ADP,2025-11-12
Marjorie Taylor Greene,CRWD,2026-03-16
Rick Larsen,AXP,2025-04-09
Rick Larsen,ABT,2025-10-06
Rick Larsen,AEP,2025-10-06
Rick Larsen,WMT,2025-10-06
Rick Larsen,DRI,2026-01-07
Rick Larsen,META,2026-01-07
Rick Larsen,WM,2026-01-07
John McGuire,UNH,2025-04-10
John McGuire,NFLX,2025-06-16
John McGuire,META,2025-06-30
John McGuire,NVDA,2026-01-30
Terri Sewell,NVDA,2025-04-10
Terri Sewell,AAPL,2025-04-10
Shelley Moore Capito,GOOGL,2025-05-08
Shelley Moore Capito,GOOGL,2025-07-29
Shelley Moore Capito,GOOGL,2026-02-09
Shelley Moore Capito,AXP,2025-07-01
Shelley Moore Capito,AVGO,2026-02-09
Shelley Moore Capito,META,2025-07-29
Shelley Moore Capito,META,2025-11-13
Shelley Moore Capito,SHW,2025-08-01
Shelley Moore Capito,PLD,2025-08-01
Shelley Moore Capito,LLY,2025-10-24
Dan Newhouse,WMT,2025-04-11
Dan Newhouse,JPM,2025-04-11
Dan Newhouse,BAC,2025-04-11
Dan Newhouse,PRU,2025-04-11
Dan Newhouse,GIS,2025-08-18
Dan Newhouse,OKE,2025-08-18
Dan Newhouse,PLD,2025-08-18
Dan Newhouse,ROST,2025-08-18
Dan Newhouse,XOM,2025-08-18
Dan Newhouse,SPGI,2025-08-18
Dan Newhouse,TGT,2025-08-18
Dan Newhouse,UPS,2025-08-18
Dan Newhouse,COP,2025-08-18
Dan Newhouse,AMAT,2025-08-18
Dan Newhouse,AME,2025-08-18
Dan Newhouse,ADP,2025-08-18
Dan Newhouse,AMD,2025-08-18
Dan Newhouse,TMUS,2025-12-11
Dan Newhouse,TXT,2025-12-11
Dan Newhouse,PANW,2025-12-11
Dan Newhouse,NXPI,2025-12-11
Dan Newhouse,LULU,2025-12-11
Dan Newhouse,SCHW,2025-12-11
Dan Newhouse,BX,2025-12-11
Dan Newhouse,SNPS,2025-12-31
Dan Newhouse,BR,2025-12-31
Dan Newhouse,RCL,2025-12-31
Rick Allen,SCHW,2025-07-10
Rick Allen,ATO,2025-08-19
Rick Allen,FERG,2025-12-12
Rick Allen,SPGI,2026-01-14
Rick Allen,TSM,2026-02-19
Rick Allen,TSM,2026-02-19
Rick Allen,KMI,2026-02-19
Rick Allen,KMI,2026-02-19
Katie Britt,NVDA,2025-04-30
Katie Britt,MSFT,2025-04-14
Katie Britt,V,2025-04-14
Katie Britt,V,2025-11-07
Katie Britt,WMT,2025-04-14
Katie Britt,AMZN,2025-04-30
Katie Britt,AAPL,2025-04-30
Katie Britt,EOG,2025-04-14
Katie Britt,UPS,2025-11-07
Tommy Tuberville,XLU,2025-12-17
Tommy Tuberville,XLP,2025-12-17
Tommy Tuberville,XLV,2025-12-17
Chuck Fleischmann,TSCO,2025-04-16
Chuck Fleischmann,SPYG,2025-07-17
Chuck Fleischmann,SPYG,2025-10-21
Chuck Fleischmann,SPMB,2026-01-28
Chuck Fleischmann,SPYV,2025-04-16
Chuck Fleischmann,SPYV,2026-01-28
Chuck Fleischmann,SDY,2025-04-16
Chuck Fleischmann,SPDW,2025-04-16
Chuck Fleischmann,SPDW,2025-07-17
Chuck Fleischmann,SPDW,2025-10-21
Chuck Fleischmann,HYBB,2025-07-17
Chuck Fleischmann,HYBB,2025-10-21
Chuck Fleischmann,TLH,2026-01-28
Chuck Fleischmann,AVDV,2025-07-17
Chuck Fleischmann,IEUR,2025-07-17
Chuck Fleischmann,IEUR,2025-10-21
Chuck Fleischmann,PICK,2026-01-28
Chuck Fleischmann,GDX,2026-01-28
Bob Latta,FMAO,2025-04-20
Bob Latta,FMAO,2025-06-05
Bob Latta,FMAO,2025-07-20
Bob Latta,FMAO,2025-10-20
Bob Latta,FMAO,2026-01-20
John Neely Kennedy,NLY,2025-04-21
John Fetterman,HAS,2025-05-05
John Fetterman,GOOGL,2025-05-15
John Fetterman,JPM,2025-06-17
John Fetterman,BHI,2025-06-25
John Fetterman,GXO,2025-11-18
Jerry Moran,BRK/B,2026-03-16
Mike Kennedy,BRK/B,2025-05-09
David Taylor,CRM,2025-08-07
David Taylor,CRM,2026-01-29
David Taylor,CRM,2026-02-09
David Taylor,CRM,2026-03-16
David Taylor,MSFT,2026-01-08
David Taylor,MSFT,2026-01-16
David Taylor,MSFT,2026-01-29
David Taylor,MSFT,2026-02-09
David Taylor,MSFT,2026-02-26
David Taylor,AVGO,2026-01-29
David Taylor,AVGO,2026-02-26
David Taylor,JPM,2026-01-16
David Taylor,JPM,2026-01-29
David Taylor,T,2025-10-30
David Taylor,T,2026-01-29
David Taylor,PGR,2025-07-18
David Taylor,PGR,2025-11-03
David Taylor,PGR,2026-01-16
David Taylor,PGR,2026-02-10
David Taylor,MEDP,2026-01-29
David Taylor,MEDP,2026-02-26
David Taylor,PLD,2026-01-29
David Taylor,PG,2026-01-09
David Taylor,PG,2026-02-09
David Taylor,PG,2026-03-16
David Taylor,V,2025-08-13
David Taylor,V,2025-11-12
David Taylor,V,2025-12-03
David Taylor,V,2026-01-16
David Taylor,V,2026-02-09
David Taylor,V,2026-02-26
David Taylor,LLY,2026-02-26
David Taylor,AEP,2026-03-16
David Taylor,HD,2025-12-10
David Taylor,RPM,2026-01-16
David Taylor,RPM,2026-01-29
David Taylor,ETN,2026-01-16
David Taylor,KR,2026-03-16
David Taylor,AMZN,2026-01-29
David Taylor,AMZN,2026-02-09
David Taylor,AMZN,2026-02-26
Bill Keating,SPG,2025-08-18
Bill Keating,VMW,2026-02-04
Virginia Foxx,ARLP,2025-08-14
Virginia Foxx,ARLP,2025-11-14
Virginia Foxx,ARLP,2025-11-17
Virginia Foxx,ARLP,2026-02-13
Virginia Foxx,HTGC,2025-11-19
Virginia Foxx,EFC,2025-06-30
Virginia Foxx,EFC,2025-12-30
Virginia Foxx,EFC,2026-03-16
Suzan DelBene,FPAFY,2025-05-29
Mitch McConnell,WFC,2025-06-01
Mitch McConnell,WFC,2025-12-01
Mitch McConnell,WFC,2026-03-16
Neal Dunn,COF,2025-06-02
Cleo Fields,NVDA,2025-06-03
Cleo Fields,NVDA,2025-06-03
Cleo Fields,NVDA,2025-06-03
Cleo Fields,NVDA,2025-06-05
Cleo Fields,NVDA,2025-06-09
Cleo Fields,NVDA,2025-06-09
Cleo Fields,NVDA,2025-06-25
Cleo Fields,NVDA,2025-06-26
Cleo Fields,NVDA,2025-06-30
Cleo Fields,NVDA,2025-07-10
Cleo Fields,NVDA,2025-07-14
Cleo Fields,NVDA,2025-07-14
Cleo Fields,NVDA,2025-07-14
Cleo Fields,NVDA,2025-07-16
Cleo Fields,NVDA,2025-07-16
Cleo Fields,NVDA,2025-07-16
Cleo Fields,NVDA,2025-07-17
Cleo Fields,NVDA,2025-07-17
Cleo Fields,NVDA,2025-07-29
Cleo Fields,NVDA,2025-07-29
Cleo Fields,NVDA,2025-08-01
Cleo Fields,NVDA,2025-08-01
Cleo Fields,NVDA,2025-08-06
Cleo Fields,NVDA,2025-08-13
Cleo Fields,NVDA,2025-08-15
Cleo Fields,NVDA,2025-08-15
Cleo Fields,NVDA,2025-08-20
Cleo Fields,NVDA,2025-08-22
Cleo Fields,NVDA,2025-10-30
Cleo Fields,NVDA,2025-10-30
Cleo Fields,NVDA,2026-03-16
Cleo Fields,MSFT,2025-06-03
Cleo Fields,MSFT,2025-06-03
Cleo Fields,MSFT,2025-06-25
Cleo Fields,MSFT,2025-07-16
Cleo Fields,MSFT,2025-07-16
Cleo Fields,MSFT,2025-07-28
Cleo Fields,MSFT,2025-07-29
Cleo Fields,MSFT,2025-07-29
Cleo Fields,MSFT,2025-08-01
Cleo Fields,MSFT,2025-08-01
Cleo Fields,MSFT,2025-12-11
Cleo Fields,AAPL,2025-06-03
Cleo Fields,AAPL,2025-06-03
Cleo Fields,AAPL,2025-06-09
Cleo Fields,AAPL,2025-06-25
Cleo Fields,AAPL,2025-06-25
Cleo Fields,AAPL,2025-06-25
Cleo Fields,AAPL,2025-06-30
Cleo Fields,AAPL,2025-06-30
Cleo Fields,AAPL,2025-06-30
Cleo Fields,AAPL,2025-07-29
Cleo Fields,AAPL,2025-08-01
Cleo Fields,AAPL,2025-08-14
Cleo Fields,AAPL,2025-10-23
Cleo Fields,AAPL,2025-10-30
Cleo Fields,AAPL,2025-11-13
Cleo Fields,AAPL,2026-02-12
Cleo Fields,AAPL,2026-03-16
Cleo Fields,AAPL,2026-03-16
Cleo Fields,GOOGL,2025-06-05
Cleo Fields,GOOGL,2025-06-25
Cleo Fields,GOOGL,2025-07-14
Cleo Fields,GOOGL,2025-07-17
Cleo Fields,GOOGL,2025-07-29
Cleo Fields,GOOGL,2025-07-30
Cleo Fields,GOOGL,2025-08-01
Cleo Fields,GOOGL,2025-10-10
Cleo Fields,GOOGL,2025-10-23
Cleo Fields,GOOGL,2025-10-29
Cleo Fields,GOOGL,2025-12-01
Cleo Fields,GOOGL,2025-12-09
Cleo Fields,GOOGL,2025-12-11
Cleo Fields,GOOGL,2025-12-15
Cleo Fields,GOOGL,2025-12-15
Cleo Fields,GOOGL,2025-12-26
Cleo Fields,GOOGL,2026-01-12
Cleo Fields,GOOGL,2026-01-20
Cleo Fields,GOOGL,2026-02-03
Cleo Fields,GOOGL,2026-03-16
Cleo Fields,GOOGL,2026-03-16
Cleo Fields,GOOGL,2026-03-16
Cleo Fields,AMZN,2025-06-05
Cleo Fields,AMZN,2025-06-09
Cleo Fields,AMZN,2025-06-09
Cleo Fields,AMZN,2025-06-25
Cleo Fields,AMZN,2025-06-30
Cleo Fields,AMZN,2025-07-14
Cleo Fields,AMZN,2025-07-16
Cleo Fields,AMZN,2025-07-29
Cleo Fields,AMZN,2025-08-01
Cleo Fields,AMZN,2025-08-15
Cleo Fields,AMZN,2025-08-15
Cleo Fields,AMZN,2026-03-16
Cleo Fields,AMZN,2026-03-16
Cleo Fields,AMZN,2026-03-16
Cleo Fields,TSM,2025-06-25
Cleo Fields,TSM,2025-07-17
Cleo Fields,TSM,2025-08-01
Cleo Fields,TSM,2025-08-01
Cleo Fields,TSM,2025-08-13
Cleo Fields,TSM,2025-08-13
Cleo Fields,TSM,2025-08-13
Cleo Fields,TSM,2025-08-15
Cleo Fields,TSM,2025-10-23
Cleo Fields,TSM,2026-01-08
Cleo Fields,PLTR,2025-06-25
Cleo Fields,PLTR,2025-06-30
Cleo Fields,PLTR,2025-07-18
Cleo Fields,PLTR,2025-07-28
Cleo Fields,PLTR,2025-08-13
Cleo Fields,PLTR,2025-10-10
Cleo Fields,MCD,2025-06-25
Cleo Fields,MCD,2025-07-29
Cleo Fields,MCD,2026-03-16
Cleo Fields,CSCO,2025-06-30
Cleo Fields,JPM,2025-06-30
Cleo Fields,META,2025-06-30
Cleo Fields,META,2025-07-16
Cleo Fields,META,2025-07-17
Cleo Fields,META,2025-07-29
Cleo Fields,META,2025-08-01
Cleo Fields,META,2025-08-13
Cleo Fields,META,2026-01-20
Cleo Fields,META,2026-02-03
Cleo Fields,META,2026-03-16
Cleo Fields,META,2026-03-16
Cleo Fields,UBER,2026-03-16
Cleo Fields,IREN,2025-10-10
Cleo Fields,IREN,2025-12-09
Cleo Fields,IREN,2026-01-20
Cleo Fields,BMNR,2025-07-16
Cleo Fields,HOOD,2025-07-17
Cleo Fields,HOOD,2025-07-21
Cleo Fields,AVGO,2025-07-18
Cleo Fields,AVGO,2025-07-29
Cleo Fields,AVGO,2025-08-13
Cleo Fields,AVGO,2025-08-15
Cleo Fields,AVGO,2026-03-16
Cleo Fields,OPEN,2026-03-16
Cleo Fields,AMD,2025-07-30
Cleo Fields,AMD,2025-08-01
Cleo Fields,AMD,2025-08-15
Cleo Fields,AMD,2026-02-03
Cleo Fields,FIG,2025-10-10
Cleo Fields,FIG,2026-03-16
Cleo Fields,CRWV,2025-10-10
Cleo Fields,CLS,2025-10-31
Cleo Fields,CLS,2025-11-03
Cleo Fields,NFLX,2025-10-31
Cleo Fields,NFLX,2025-11-03
Cleo Fields,NFLX,2025-11-20
Cleo Fields,NFLX,2025-12-03
Cleo Fields,NFLX,2026-01-20
Cleo Fields,MU,2026-02-03
Cleo Fields,LRCX,2026-02-03
Cleo Fields,QCOM,2026-03-16
Cleo Fields,ORCL,2026-03-16
Cleo Fields,ORCL,2026-03-16
Cliff Bentz,AMGN,2025-06-06
Cliff Bentz,PG,2025-06-06
Richard Blumenthal,INTR,2025-06-11
Jim Banks,SBUX,2025-08-04
Nancy Pelosi,AVGO,2025-06-20
Nancy Pelosi,AAPL,2025-12-30
Nancy Pelosi,NVDA,2025-12-30
Nancy Pelosi,NVDA,2026-01-16
Nancy Pelosi,AMZN,2025-12-30
Nancy Pelosi,AMZN,2026-01-16
Nancy Pelosi,GOOGL,2025-12-30
Nancy Pelosi,GOOGL,2026-01-16
Nancy Pelosi,AB,2026-01-16
Nancy Pelosi,VST,2026-01-16
Nancy Pelosi,TEM,2026-01-16
French Hill,WTM,2025-06-23
French Hill,L,2025-06-23
French Hill,MKL,2025-06-23
French Hill,MKL,2025-06-23
Lindsey Graham,XONE,2025-06-30
Lindsey Graham,BSCV,2025-06-30
Lindsey Graham,VWUSX,2025-11-06
Greg Steube,ACF,2025-07-10
Seth Moulton,1494391D,2025-07-15
Angus King,KEX,2025-07-21
Angus King,JPM,2025-07-21
Angus King,XOM,2025-07-21
Angus King,BAC,2025-07-21
Angus King,AMD,2025-07-21
Angus King,ADSK,2025-07-21
Angus King,GOOGL,2025-07-21
Angus King,ANET,2025-07-21
Angus King,AMAT,2025-07-21
Angus King,BX,2025-07-21
Angus King,VRT,2025-07-21
Angus King,PWR,2025-07-21
Angus King,PYPL,2025-07-21
Angus King,ONON,2025-07-21
Angus King,NVDA,2025-07-21
Angus King,NFLX,2025-07-21
Angus King,LOW,2025-07-21
Angus King,MSFT,2025-07-21
Angus King,META,2025-07-21
Angus King,MRVL,2025-07-21
Angus King,HON,2025-12-29
Angus King,LLY,2025-12-29
Judy Chu,AMEH,2025-08-19
Gary Peters,CAG,2025-11-14
Gary Peters,VZ,2025-12-12
Gary Peters,WPC,2026-01-12
Gary Peters,SWK,2026-01-12
Adrian Smith,$BTC,2025-10-17
Michael Guest,MPWR,2025-10-20
Pete Stauber,NWL,2025-10-27
Bernie Moreno,CM,2025-12-17
Rich McCormick,AWK,2025-11-05
Rich McCormick,APD,2025-11-05
Rich McCormick,BRK/B,2025-11-05
Rich McCormick,ABT,2025-11-05
Rich McCormick,ADP,2025-11-05
Rich McCormick,AAPL,2025-11-05
Rich McCormick,ADI,2025-11-05
Rich McCormick,CSCO,2025-11-05
Rich McCormick,WMT,2025-11-05
Rich McCormick,V,2025-11-05
Rich McCormick,PG,2025-11-05
Rich McCormick,PEP,2025-11-05
Rich McCormick,NEE,2025-11-05
Rich McCormick,MDT,2025-11-05
Rich McCormick,MCD,2025-11-05
Rich McCormick,HD,2025-11-05
Rich McCormick,JNJ,2025-11-05
Rich McCormick,ICE,2025-11-05
Rich McCormick,ITW,2025-11-05
Rich McCormick,EMR,2025-11-05
Rich McCormick,COST,2025-11-05
Steve Cohen,SONY,2025-12-26
Nicole Malliotakis,IEP,2025-12-19
Roger Williams,JPM,2025-12-22
Roger Williams,RTX,2025-12-22
Dale Strong,IREN,2026-01-28
